Date,Time,Latitude,Longitude,Bearing,Angle,Diff Angle,Left Motor Speed,Right Motor Speed
17/3/24,07:34:31,2.944458,101.874081,39.518420667439585,56,16.481579332560415,6.593999999999999,16.782
17/3/24,07:34:32,2.944458,101.874082,39.42422944204952,56,16.575770557950477,6.593999999999999,16.782
17/3/24,07:34:33,2.944459,101.874083,39.40750406118539,56,16.592495938814608,6.593999999999999,16.782
17/3/24,07:34:34,2.944459,101.874083,39.40750406118539,57,17.592495938814608,6.593999999999999,16.782
17/3/24,07:34:35,2.94446,101.874083,39.48548267808343,55,15.514517321916571,6.593999999999999,16.782
17/3/24,07:34:36,2.944462,101.874083,39.64221632520295,56,16.357783674797048,6.593999999999999,16.782
17/3/24,07:34:37,2.944462,101.874082,39.73686209379966,56,16.263137906200342,6.593999999999999,16.782
17/3/24,07:34:38,2.944463,101.874083,39.72097334613517,55,15.279026653864832,6.593999999999999,16.782
17/3/24,07:34:39,2.944464,101.874083,39.79999183043989,55,15.200008169560107,6.593999999999999,16.782
17/3/24,07:34:40,2.944465,101.874083,39.879272780136404,55,15.120727219863596,6.593999999999999,16.782
17/3/24,07:34:41,2.944465,101.874083,39.879272780136404,55,15.120727219863596,6.593999999999999,16.782
17/3/24,07:34:42,2.944465,101.874082,39.97406221333807,58,18.025937786661927,6.5856,16.7604
17/3/24,07:34:43,2.944466,101.874083,39.958817199985845,56,16.041182800014155,6.593999999999999,16.782
17/3/24,07:34:44,2.944466,101.874084,39.86371723479971,51,11.136282765200292,6.5966000000000005,16.789
17/3/24,07:34:45,2.944464,101.874085,39.609721732972474,32,-7.609721732972474,16.0856,9.4328
17/3/24,07:34:46,2.944464,101.874085,39.609721732972474,15,-24.609721732972474,16.7604,6.5856
17/3/24,07:34:47,2.944464,101.874091,39.03258430179051,41,1.9674156982094928,16.5604,16.5714
17/3/24,07:34:48,2.944466,101.874098,38.50430352783792,44,5.495696472162081,9.4328,16.0856
17/3/24,07:34:49,2.944471,101.874105,38.20010639758351,35,-3.200106397583511,16.736800000000002,16.736800000000002
17/3/24,07:34:50,2.944476,101.874111,37.98785907330415,44,6.012140926695849,9.4328,16.0856
17/3/24,07:34:51,2.944484,101.874116,38.12046282359606,32,-6.120462823596057,16.5714,16.5604
17/3/24,07:34:52,2.944489,101.874122,37.89816063932767,20,-17.89816063932767,16.789,6.5966000000000005
17/3/24,07:34:53,2.944496,101.874129,37.727996771506895,25,-12.727996771506895,16.791,6.5974
17/3/24,07:34:54,2.944503,101.874134,37.77571160597748,30,-7.775711605977477,16.0856,9.4328
17/3/24,07:34:55,2.94451,101.874138,37.94049865030476,32,-5.940498650304761,16.5714,16.5604
17/3/24,07:34:56,2.944519,101.874145,37.94354948958511,25,-12.94354948958511,16.791,6.5974
17/3/24,07:34:57,2.944526,101.874151,37.87874913475295,15,-22.87874913475295,16.7604,6.5856
17/3/24,07:34:58,2.944534,101.874157,37.90756740327254,9,-28.907567403272537,16.4784,6.452400000000001
17/3/24,07:34:59,2.944536,101.87416,37.726439421677185,19,-18.726439421677185,16.782,6.593999999999999
17/3/24,07:35:00,2.94454,101.874167,37.22429981805436,22,-15.224299818054362,16.789,6.5966000000000005
17/3/24,07:35:01,2.944546,101.874173,37.033716100708034,18,-19.033716100708034,16.782,6.593999999999999
17/3/24,07:35:02,2.944555,101.874179,37.143535308920434,18,-19.143535308920434,16.782,6.593999999999999
17/3/24,07:35:03,2.944562,101.874183,37.32761499107522,15,-22.327614991075222,16.7604,6.5856
17/3/24,07:35:04,2.944569,101.874188,37.37730721809896,14,-23.377307218098963,16.7604,6.5856
17/3/24,07:35:05,2.944575,101.874192,37.46416798721779,21,-16.46416798721779,16.789,6.5966000000000005
17/3/24,07:35:06,2.944584,101.874201,37.14295302011868,56,18.857046979881318,6.5856,16.7604
17/3/24,07:35:07,2.944592,101.874208,36.99400360080088,62,25.00599639919912,6.554799999999999,16.6884
17/3/24,07:35:08,2.944596,101.87421,37.159455729660465,16,-21.159455729660465,16.782,6.593999999999999
17/3/24,07:35:09,2.944604,101.874216,37.17147171139953,27,-10.171471711399533,16.0856,9.4328
17/3/24,07:35:10,2.944611,101.874221,37.22615740676025,27,-10.226157406760251,16.0856,9.4328
17/3/24,07:35:11,2.944619,101.874227,37.24169863956632,26,-11.241698639566323,16.791,6.5974
17/3/24,07:35:12,2.944626,101.874231,37.48918705157686,21,-16.489187051576863,16.789,6.5966000000000005
17/3/24,07:35:13,2.944633,101.87424,36.784532881577036,16,-20.784532881577036,16.782,6.593999999999999
17/3/24,07:35:14,2.944639,101.874246,36.47751797942391,15,-21.477517979423908,16.782,6.593999999999999
17/3/24,07:35:15,2.944643,101.874252,35.837156220146426,17,-18.837156220146426,16.782,6.593999999999999
17/3/24,07:35:16,2.94465,101.874257,35.85090109771215,16,-19.850901097712153,16.782,6.593999999999999
17/3/24,07:35:17,2.944657,101.874261,36.09569358530234,14,-22.095693585302342,16.7604,6.5856
17/3/24,07:35:18,2.944669,101.874265,37.25603207265834,20,-17.256032072658343,16.789,6.5966000000000005
17/3/24,07:35:19,2.944675,101.87427,37.14826224768504,25,-12.14826224768504,16.791,6.5974
17/3/24,07:35:20,2.944676,101.874276,35.801729239066134,28,-7.801729239066134,16.0856,9.4328
17/3/24,07:35:21,2.944684,101.87428,36.290703720084935,25,-11.290703720084935,16.791,6.5974
17/3/24,07:35:22,2.944694,101.87428,38.40044487576111,35,-3.40044487576111,16.736800000000002,16.736800000000002
17/3/24,07:35:23,2.944705,101.874283,40.10959835810877,36,-4.109598358108769,16.5714,16.5604
17/3/24,07:35:24,2.944709,101.874287,39.92028668269401,38,-1.9202866826940124,16.736800000000002,16.736800000000002
17/3/24,07:35:25,2.944715,101.874295,38.953977095646934,39,0.046022904353065996,16.5604,16.5714
17/3/24,07:35:26,2.944722,101.874302,38.48004496493397,44,5.519955035066033,9.4328,16.0856
17/3/24,07:35:27,2.944732,101.874309,38.860228902150425,41,2.139771097849575,16.5604,16.5714
17/3/24,07:35:28,2.944739,101.874315,38.7090184602242,31,-7.7090184602242005,16.0856,9.4328
17/3/24,07:35:29,2.944748,101.87432,39.76834331641987,32,-7.768343316419873,16.0856,9.4328
17/3/24,07:35:30,2.944755,101.874327,39.15619993601996,35,-4.156199936019959,16.5714,16.5604
17/3/24,07:35:31,2.944762,101.874334,38.381202283675265,29,-9.381202283675265,16.0856,9.4328
17/3/24,07:35:32,2.944767,101.874336,39.66187077010869,27,-12.661870770108692,16.791,6.5974
17/3/24,07:35:33,2.944773,101.874341,39.648254742671725,25,-14.648254742671725,16.789,6.5966000000000005
17/3/24,07:35:34,2.944781,101.874347,40.19903063280174,29,-11.199030632801737,16.791,6.5974
17/3/24,07:35:35,2.944788,101.874353,40.11868949608589,29,-11.118689496085892,16.791,6.5974
17/3/24,07:35:36,2.944797,101.874358,43.689154072560086,25,-18.689154072560086,16.159399999999998,5.9677999999999995
17/3/24,07:35:37,2.944805,101.874364,46.80983271625658,22,-24.80983271625658,13.281,3.1894
17/3/24,07:35:38,2.944812,101.874371,48.32886394129122,27,-21.328863941291218,10.204,0.95734
17/3/24,07:35:39,2.944819,101.874378,63.40465276381046,28,-35.40465276381046,10.0,0.6081000000000001
17/3/24,07:35:40,2.944827,101.874382,195.9254079788015,27,-168.9254079788015,10.0,0.629
17/3/24,07:35:41,2.944837,101.874385,196.3690566081848,15,178.6309433918152,0.67056,10.0
17/3/24,07:35:42,2.944849,101.874385,189.76973797901323,355,165.23026202098677,0.64938,10.0
17/3/24,07:35:43,2.94486,101.874382,182.85863151264283,330,147.14136848735717,0.73824,10.0
17/3/24,07:35:44,2.944869,101.874377,176.50108351004667,302,125.49891648995333,0.0,10.0
17/3/24,07:35:45,2.944875,101.874372,171.73488502094958,292,120.26511497905042,0.0,10.0
17/3/24,07:35:46,2.94488,101.874365,165.9815611281945,292,126.0184388718055,0.0,10.0
17/3/24,07:35:47,2.944887,101.87436,163.3999836965352,7,-156.3999836965352,10.0,0.0
17/3/24,07:35:48,2.944888,101.874358,162.0942430791707,126,-36.094243079170695,14.2174,5.041799999999999
17/3/24,07:35:49,2.944888,101.874356,160.58371557501545,355,-165.58371557501545,10.0,0.0
17/3/24,07:35:50,2.944889,101.87435,156.5291075621485,288,131.4708924378515,0.0,10.0
17/3/24,07:35:51,2.944894,101.874341,152.24077538599025,281,128.75922461400975,0.0,10.0
17/3/24,07:35:52,2.9449,101.874332,149.069636907694,281,131.930363092306,0.0,10.0
17/3/24,07:35:53,2.944903,101.874322,145.08987769279895,280,134.91012230720105,0.0,10.0
17/3/24,07:35:54,2.944907,101.87431,141.21689976298273,282,140.78310023701727,0.0,10.0
17/3/24,07:35:55,2.944911,101.8743,138.71816545531306,281,142.28183454468694,0.0,10.0
17/3/24,07:35:56,2.944916,101.874291,137.20466332212987,277,139.79533667787013,0.0,10.0
17/3/24,07:35:57,2.944922,101.874283,136.47709965740742,279,142.52290034259258,0.0,10.0
17/3/24,07:35:58,2.944926,101.874274,135.03785933087536,276,140.96214066912464,0.0,10.0
17/3/24,07:35:59,2.944931,101.874266,134.2739483503652,277,142.7260516496348,0.0,10.0
17/3/24,07:36:00,2.944936,101.87426,134.06681699305813,279,144.93318300694187,0.0,10.0
17/3/24,07:36:01,2.94494,101.874257,134.3305296572882,279,144.6694703427118,0.0,10.0
17/3/24,07:36:02,2.944939,101.874255,133.6291867246621,279,145.3708132753379,0.0,10.0
17/3/24,07:36:03,2.944939,101.874255,133.6291867246621,275,141.3708132753379,0.0,10.0
17/3/24,07:36:04,2.944942,101.874254,134.1137958118781,281,146.8862041881219,0.0,10.0
17/3/24,07:36:05,2.944945,101.874251,134.13562101905381,277,142.86437898094619,0.0,10.0
17/3/24,07:36:06,2.944948,101.874245,133.51318531561367,280,146.48681468438633,0.0,10.0
17/3/24,07:36:07,2.944952,101.874239,133.14959200339678,279,145.85040799660322,0.0,10.0
17/3/24,07:36:08,2.944955,101.874229,131.83560682390424,278,146.16439317609576,0.0,10.0
17/3/24,07:36:09,2.944958,101.874214,129.774833467678,277,147.225166532322,0.0,10.0
17/3/24,07:36:10,2.944961,101.874204,128.73644180306405,277,148.26355819693595,0.0,10.0
17/3/24,07:36:11,2.944963,101.874193,127.44190232652664,278,150.55809767347336,0.0,10.0
17/3/24,07:36:12,2.944965,101.874186,126.81159155931206,281,154.18840844068794,0.0,10.0
17/3/24,07:36:13,2.944969,101.874176,126.1801743803207,277,150.8198256196793,0.0,10.0
17/3/24,07:36:14,2.944973,101.874168,125.8538549999952,278,152.1461450000048,0.0,10.0
17/3/24,07:36:15,2.944977,101.874158,125.30393291426307,282,156.69606708573693,0.0,10.0
17/3/24,07:36:16,2.944979,101.874149,124.57546696234724,281,156.42453303765276,0.0,10.0
17/3/24,07:36:17,2.944983,101.874142,124.44154029232931,283,158.5584597076707,0.0,10.0
17/3/24,07:36:18,2.94499,101.87414,125.34694034144292,280,154.65305965855708,0.0,10.0
17/3/24,07:36:19,2.944996,101.874135,125.72812324394111,278,152.27187675605887,0.0,10.0
17/3/24,07:36:20,2.945,101.874125,125.25327920291528,279,153.74672079708472,0.0,10.0
17/3/24,07:36:21,2.945003,101.874114,124.56217304548426,280,155.43782695451574,0.0,10.0
17/3/24,07:36:22,2.945007,101.874107,124.44574515238504,275,150.55425484761497,0.0,10.0
17/3/24,07:36:23,2.945011,101.874099,124.2397636032222,274,149.7602363967778,0.0,10.0
17/3/24,07:36:24,2.945012,101.874093,123.81711724165422,268,144.18288275834578,0.0,10.0
17/3/24,07:36:25,2.945016,101.874082,123.36842278567812,265,141.63157721432188,0.0,10.0
17/3/24,07:36:26,2.945016,101.87406,121.52121170778334,271,149.47878829221668,0.0,10.0
17/3/24,07:36:27,2.945019,101.874046,120.82015260755642,272,151.17984739244358,0.0,10.0
17/3/24,07:36:28,2.945024,101.874038,120.84903648549994,271,150.15096351450006,0.0,10.0
17/3/24,07:36:29,2.945028,101.874024,120.32944806400776,269,148.67055193599225,0.0,10.0
17/3/24,07:36:30,2.94503,101.87401,119.61036265338663,278,158.38963734661337,0.0,10.0
17/3/24,07:36:31,2.945032,101.873998,119.06127479722588,284,164.93872520277412,0.0,10.0
17/3/24,07:36:32,2.945034,101.873986,118.54025172913578,285,166.45974827086422,0.0,10.0
17/3/24,07:36:33,2.945039,101.873974,118.37447571742108,289,170.6255242825789,0.0,10.0
17/3/24,07:36:34,2.945045,101.873962,118.32420379448442,287,168.67579620551558,0.0,10.0
17/3/24,07:36:35,2.94505,101.873948,118.06259944646973,290,171.93740055353027,0.0,10.0
17/3/24,07:36:36,2.945053,101.873936,117.72053330055294,286,168.27946669944706,0.0,10.0
17/3/24,07:36:37,2.945059,101.873924,117.69121469823267,295,177.30878530176733,0.0,10.0
17/3/24,07:36:38,2.945063,101.873913,117.52090932658305,292,174.47909067341695,0.0,10.0
17/3/24,07:36:39,2.945067,101.873904,117.45611901737553,300,-177.45611901737553,10.0,0.0
17/3/24,07:36:40,2.945074,101.873895,117.67270383939615,305,-172.67270383939615,10.0,0.0
17/3/24,07:36:41,2.945083,101.873891,118.30441025391593,310,-168.30441025391593,10.0,0.0
17/3/24,07:36:42,2.945091,101.873886,118.78037638204943,311,-167.78037638204944,10.0,0.0
17/3/24,07:36:43,2.945097,101.87388,119.01857351647132,322,-157.01857351647132,10.0,0.0
17/3/24,07:36:44,2.945105,101.873876,119.51959232708943,326,-153.5195923270894,10.0,0.0
17/3/24,07:36:45,2.945111,101.873871,119.78965137670826,330,-149.78965137670826,10.0,0.0
17/3/24,07:36:46,2.945117,101.873865,120.0047996057481,321,-159.0047996057481,10.0,0.0
17/3/24,07:36:47,2.945127,101.873861,120.63845869984357,323,-157.63845869984357,10.0,0.0
17/3/24,07:36:48,2.945135,101.873855,120.99718567159564,323,-157.99718567159564,10.0,0.0
17/3/24,07:36:49,2.945144,101.873852,121.56856940584719,327,-154.5685694058472,10.0,0.0
17/3/24,07:36:50,2.945152,101.873851,122.1464668853047,320,-162.1464668853047,10.0,0.0
17/3/24,07:36:51,2.945159,101.873847,122.49159065123845,324,-158.49159065123845,10.0,0.0
17/3/24,07:36:52,2.945164,101.873836,122.34156225364006,308,-174.34156225364006,10.0,0.0
17/3/24,07:36:53,2.945171,101.873829,122.53243330445821,316,-166.5324333044582,10.0,0.0
17/3/24,07:36:54,2.945181,101.873825,123.07663996956873,315,-168.07663996956873,10.0,0.0
17/3/24,07:36:55,2.945186,101.873819,123.15536221032674,319,-164.15536221032676,10.0,0.0
17/3/24,07:36:56,2.945195,101.873818,123.74857096521703,313,-170.74857096521703,10.0,0.0
17/3/24,07:36:57,2.945202,101.873815,124.09802682193302,315,-169.09802682193302,10.0,0.0
17/3/24,07:36:58,2.945214,101.873811,124.73585191512417,315,-169.73585191512416,10.0,0.0
17/3/24,07:36:59,2.945215,101.873801,124.33750159917845,314,-170.33750159917844,10.0,0.0
17/3/24,07:37:00,2.945228,101.873794,124.88293153664084,319,-165.88293153664085,10.0,0.0
17/3/24,07:37:01,2.945238,101.873777,124.76520289693485,319,-165.76520289693485,10.0,0.0
17/3/24,07:37:02,2.945247,101.873769,124.98351932492918,316,-168.98351932492918,10.0,0.0
17/3/24,07:37:03,2.945256,101.873763,125.2824607703956,313,-172.2824607703956,10.0,0.0
17/3/24,07:37:04,2.945266,101.873755,125.5474809954338,314,-171.5474809954338,10.0,0.0
17/3/24,07:37:05,2.945274,101.873746,125.641876683332,303,177.358123316668,0.0,10.0
17/3/24,07:37:06,2.945279,101.873736,125.51453638838711,303,177.4854636116129,0.0,10.0
17/3/24,07:37:07,2.945291,101.873734,126.13194222980593,301,174.86805777019407,0.0,10.0
17/3/24,07:37:08,2.945304,101.873732,126.7928812666772,309,-177.7928812666772,10.0,0.0
17/3/24,07:37:09,2.945312,101.873736,127.41548131221477,310,-177.41548131221475,10.0,0.0
17/3/24,07:37:10,2.945321,101.87373,127.66056618017402,315,-172.66056618017402,10.0,0.0
17/3/24,07:37:11,2.945327,101.873719,127.5255067027752,315,-172.5255067027752,10.0,0.0
17/3/24,07:37:12,2.945335,101.873717,127.87577724718372,318,-169.87577724718372,10.0,0.0
17/3/24,07:37:13,2.945342,101.873714,128.1255612987132,317,-171.1255612987132,10.0,0.0
17/3/24,07:37:14,2.945349,101.873707,128.20531820049467,319,-169.20531820049467,10.0,0.0
17/3/24,07:37:15,2.945356,101.873698,128.20145917174588,308,179.79854082825412,0.0,10.0
17/3/24,07:37:16,2.945363,101.873692,128.31891108597142,309,-179.31891108597142,10.0,0.0
17/3/24,07:37:17,2.945369,101.873683,128.2629720239421,311,-177.2629720239421,10.0,0.0
17/3/24,07:37:18,2.945374,101.87368,128.39597158682832,319,-169.39597158682832,10.0,0.0
17/3/24,07:37:19,2.94538,101.873678,128.61703159675392,303,174.38296840324608,0.0,10.0
17/3/24,07:37:20,2.945386,101.873678,128.9151391655411,318,-170.9151391655411,10.0,0.0
17/3/24,07:37:21,2.945397,101.873673,129.25584328046736,314,-175.25584328046736,10.0,0.0
17/3/24,07:37:22,2.945407,101.873662,129.30480328914274,289,159.69519671085726,0.0,10.0
17/3/24,07:37:23,2.945419,101.873658,129.7176894204565,298,168.2823105795435,0.0,10.0
17/3/24,07:37:24,2.945431,101.873649,129.92755671663525,318,-171.92755671663525,10.0,0.0
17/3/24,07:37:25,2.945441,101.873642,130.11671321675692,309,178.88328678324308,0.0,10.0
17/3/24,07:37:26,2.945447,101.873639,130.27372248589103,306,175.72627751410897,0.0,10.0
17/3/24,07:37:27,2.945456,101.87364,130.71517895704062,308,177.28482104295938,0.0,10.0
17/3/24,07:37:28,2.945469,101.873639,131.2508400353884,310,178.7491599646116,0.0,10.0
17/3/24,07:37:29,2.945477,101.873633,131.36978809689532,305,173.63021190310468,0.0,10.0
17/3/24,07:37:30,2.945488,101.873623,131.4637609503788,296,164.5362390496212,0.0,10.0
17/3/24,07:37:31,2.945497,101.873617,131.6198456724223,303,171.3801543275777,0.0,10.0
17/3/24,07:37:32,2.945508,101.873608,131.7447975286326,297,165.2552024713674,0.0,10.0
17/3/24,07:37:33,2.945514,101.873596,131.55299270044645,292,160.44700729955355,0.0,10.0
17/3/24,07:37:34,2.945523,101.873587,131.5948254030696,296,164.4051745969304,0.0,10.0
17/3/24,07:37:35,2.94553,101.873583,131.73358431819372,294,162.26641568180628,0.0,10.0
17/3/24,07:37:36,2.945534,101.873576,131.64461168489126,291,159.35538831510874,0.0,10.0
17/3/24,07:37:37,2.945544,101.873568,131.75865424187484,293,161.24134575812516,0.0,10.0
17/3/24,07:37:38,2.945552,101.873559,131.7576968042615,293,161.2423031957385,0.0,10.0
17/3/24,07:37:39,2.94556,101.873552,131.8254412772322,293,161.1745587227678,0.0,10.0
17/3/24,07:37:40,2.945565,101.87354,131.60758985348718,290,158.39241014651282,0.0,10.0
17/3/24,07:37:41,2.945569,101.873531,131.45679563120066,285,153.54320436879934,0.0,10.0
17/3/24,07:37:42,2.945577,101.873518,131.3268608066402,283,151.6731391933598,0.0,10.0
17/3/24,07:37:43,2.945585,101.873507,131.26527936226287,278,146.73472063773713,0.0,10.0
17/3/24,07:37:44,2.945594,101.873497,131.2739829924224,276,144.7260170075776,0.0,10.0
17/3/24,07:37:45,2.945599,101.873477,130.8211644142723,271,140.1788355857277,0.0,10.0
17/3/24,07:37:46,2.945603,101.873468,130.68528249962588,282,151.31471750037412,0.0,10.0
17/3/24,07:37:47,2.945608,101.873458,130.55674254413407,286,155.44325745586593,0.0,10.0
17/3/24,07:37:48,2.945604,101.87342,129.2744985130076,277,147.7255014869924,0.0,10.0
17/3/24,07:37:49,2.945607,101.87341,129.0908916348934,276,146.9091083651066,0.0,10.0
17/3/24,07:37:50,2.945613,101.8734,129.0162815337575,275,145.9837184662425,0.0,10.0
17/3/24,07:37:51,2.945617,101.873391,128.90113897762058,276,147.09886102237942,0.0,10.0
17/3/24,07:37:52,2.945619,101.873381,128.6897842571346,267,138.3102157428654,0.0,10.0
17/3/24,07:37:53,2.94562,101.87337,128.4189038854325,266,137.5810961145675,0.0,10.0
17/3/24,07:37:54,2.945624,101.87336,128.28327610538608,266,137.71672389461392,0.0,10.0
17/3/24,07:37:55,2.945624,101.873352,128.06578652575607,257,128.93421347424393,0.0,10.0
17/3/24,07:37:56,2.945626,101.873337,127.73247827874955,254,126.26752172125045,0.0,10.0
17/3/24,07:37:57,2.945627,101.873327,127.50249439957219,251,123.49750560042781,0.0,10.0
17/3/24,07:37:58,2.945628,101.873316,127.24949122734921,249,121.75050877265079,0.0,10.0
17/3/24,07:37:59,2.945625,101.873293,126.5588067246733,244,117.4411932753267,0.0,10.0
17/3/24,07:38:00,2.945627,101.873283,126.37596975790416,244,117.62403024209584,0.0,10.0
17/3/24,07:38:01,2.945628,101.873275,126.21120106701008,246,119.78879893298992,0.0,10.0
17/3/24,07:38:02,2.945628,101.873265,125.96549853942054,241,115.03450146057946,0.0,10.0
17/3/24,07:38:03,2.945628,101.873257,125.77100505356466,234,108.22899494643534,0.0,10.0
17/3/24,07:38:04,2.945628,101.873249,125.57832724154028,229,103.42167275845972,0.0,10.0
17/3/24,07:38:05,2.945629,101.87324,125.39716333527593,224,98.60283666472407,0.0,10.0
17/3/24,07:38:06,2.945628,101.873231,125.15133227064217,224,98.84866772935783,0.0,10.0
17/3/24,07:38:07,2.945619,101.873229,124.80308196314203,211,86.19691803685797,0.69842,10.0
17/3/24,07:38:08,2.945611,101.873222,124.37128792070587,203,78.62871207929413,0.82702,10.0
17/3/24,07:38:09,2.945607,101.873217,124.12133023376165,202,77.87866976623835,0.82702,10.0
17/3/24,07:38:10,2.945604,101.873208,123.81526324540037,207,83.18473675459963,0.69842,10.0
17/3/24,07:38:11,2.945599,101.873198,123.42181343014445,204,80.57818656985555,0.76104,10.0
17/3/24,07:38:12,2.945594,101.873191,123.09747248818455,211,87.90252751181545,0.63888,10.0
17/3/24,07:38:13,2.94559,101.873187,122.87402438679278,206,83.12597561320722,0.69842,10.0
17/3/24,07:38:14,2.945586,101.873178,122.54255159707182,211,88.45744840292818,0.63888,10.0
17/3/24,07:38:15,2.945581,101.873176,122.32957762234159,203,80.67042237765841,0.76104,10.0
17/3/24,07:38:16,2.945577,101.873173,122.12902956855588,201,78.87097043144412,0.82702,10.0
17/3/24,07:38:17,2.945571,101.873166,121.77552693915746,204,82.22447306084254,0.76104,10.0
17/3/24,07:38:18,2.945563,101.873161,121.39667251811454,199,77.60332748188546,0.82702,10.0
17/3/24,07:38:19,2.945554,101.873154,120.94216145232839,200,79.05783854767161,0.82702,10.0
17/3/24,07:38:20,2.945545,101.873147,120.48852083795569,197,76.51147916204431,0.82702,10.0
17/3/24,07:38:21,2.945537,101.873144,120.15080718899651,188,67.84919281100349,0.7113999999999999,10.0
17/3/24,07:38:22,2.945526,101.873141,119.70772921352025,190,70.29227078647975,0.7794800000000001,10.0
17/3/24,07:38:23,2.945514,101.873139,119.24737754823879,190,70.75262245176121,0.7794800000000001,10.0
17/3/24,07:38:24,2.945502,101.873133,118.70672846884489,192,73.29327153115511,0.8380799999999999,10.0
17/3/24,07:38:25,2.945489,101.87313,118.18723843350712,183,64.81276156649288,0.7113999999999999,10.0
17/3/24,07:38:26,2.945477,101.873125,117.66348626880487,179,61.336513731195126,0.6420199999999999,10.0
17/3/24,07:38:27,2.945466,101.873122,117.211927601496,181,63.788072398504,0.6420199999999999,10.0
17/3/24,07:38:28,2.945454,101.873122,116.77742056611112,184,67.22257943388888,0.7113999999999999,10.0
17/3/24,07:38:29,2.945446,101.873114,116.34118264182815,187,70.65881735817185,0.7794800000000001,10.0
17/3/24,07:38:30,2.945434,101.873108,115.79649893972504,181,65.20350106027496,0.7113999999999999,10.0
17/3/24,07:38:31,2.945423,101.873102,115.28865955073778,170,54.711340449262224,0.0,10.0
17/3/24,07:38:32,2.945412,101.873103,114.90074441225855,174,59.09925558774145,0.0,10.0
17/3/24,07:38:33,2.9454,101.873093,114.28761721037807,171,56.71238278962193,0.0,10.0
17/3/24,07:38:34,2.94539,101.87309,113.86678010542235,170,56.13321989457765,0.0,10.0
17/3/24,07:38:35,2.945379,101.873094,113.52140872519266,165,51.47859127480734,0.0,10.0002
17/3/24,07:38:36,2.945365,101.873098,113.05847988024459,169,55.94152011975541,0.0,10.0
17/3/24,07:38:37,2.945354,101.873097,112.6245738064687,166,53.3754261935313,0.0,10.0002
17/3/24,07:38:38,2.945344,101.873096,112.22689245366982,157,44.77310754633018,0.61614,10.029
17/3/24,07:38:39,2.945332,101.873091,111.68935391422944,164,52.31064608577056,0.0,10.0002
17/3/24,07:38:40,2.945323,101.87309,111.32760352623204,154,42.67239647376796,0.9955799999999999,10.2774
17/3/24,07:38:41,2.945314,101.873092,111.00919939486204,161,49.99080060513796,0.0,10.002200000000002
17/3/24,07:38:42,2.945304,101.873097,110.69357638074742,159,48.306423619252584,0.0,10.002200000000002
17/3/24,07:38:43,2.945296,101.873099,110.40906476591663,163,52.590935234083375,0.0,10.0002
17/3/24,07:38:44,2.945286,101.873102,110.05790169761515,164,53.94209830238485,0.0,10.0002
17/3/24,07:38:45,2.945279,101.873107,109.85176595770432,152,42.148234042295684,0.9955799999999999,10.2774
17/3/24,07:38:46,2.945271,101.873113,109.61761003457445,154,44.382389965425546,0.61614,10.029
17/3/24,07:38:47,2.945259,101.873116,109.17614475708812,155,45.823855242911876,0.61614,10.029
17/3/24,07:38:48,2.94525,101.873119,108.8525113450839,156,47.1474886549161,0.0,10.002200000000002
17/3/24,07:38:49,2.945241,101.873121,108.51236065846616,144,35.487639341533836,5.041799999999999,14.2174
17/3/24,07:38:50,2.945234,101.87312,108.21154554492051,149,40.78845445507949,0.9955799999999999,10.2774
17/3/24,07:38:51,2.945222,101.873125,107.78327722621366,156,48.216722773786344,0.0,10.002200000000002
17/3/24,07:38:52,2.945208,101.873132,107.29184557425593,146,38.70815442574407,2.6304,11.601600000000001
17/3/24,07:38:53,2.945197,101.873134,106.85517944456323,138,31.144820555436766,6.1404000000000005,15.8932
17/3/24,07:38:54,2.945187,101.873138,106.48256448889452,142,35.517435511105475,5.041799999999999,14.2174
17/3/24,07:38:55,2.945177,101.873142,106.10608824512367,139,32.89391175487633,5.041799999999999,14.2174
17/3/24,07:38:56,2.945168,101.873148,105.79311384224158,142,36.20688615775842,2.6304,11.601600000000001
17/3/24,07:38:57,2.945159,101.873152,105.45209190817435,134,28.547908091825647,6.452400000000001,16.4784
17/3/24,07:38:58,2.945149,101.873157,105.07576381394352,136,30.924236186056476,6.1404000000000005,15.8932
17/3/24,07:38:59,2.945138,101.873161,104.63941009087394,136,31.360589909126062,6.1404000000000005,15.8932
17/3/24,07:39:00,2.945128,101.873167,104.26531862007289,132,27.73468137992711,6.452400000000001,16.4784
17/3/24,07:39:01,2.94512,101.873171,103.95358235640529,113,9.046417643594708,6.5974,16.791
17/3/24,07:39:02,2.945109,101.873181,103.56903739962722,126,22.43096260037278,6.554799999999999,16.6884
17/3/24,07:39:03,2.945099,101.873188,103.1903656073918,128,24.809634392608203,6.554799999999999,16.6884
17/3/24,07:39:04,2.945088,101.873199,102.80177343167574,136,33.19822656832426,5.041799999999999,14.2174
17/3/24,07:39:05,2.945079,101.873207,102.46718720481819,149,46.53281279518181,0.61614,10.029
17/3/24,07:39:06,2.945069,101.873216,102.09011371544914,148,45.909886284550865,0.61614,10.029
17/3/24,07:39:07,2.945059,101.873227,101.7258163030272,139,37.2741836969728,2.6304,11.601600000000001
17/3/24,07:39:08,2.945049,101.873235,101.32453161685231,137,35.67546838314769,5.041799999999999,14.2174
17/3/24,07:39:09,2.945041,101.873242,101.00427188453202,134,32.99572811546798,5.041799999999999,14.2174
17/3/24,07:39:10,2.945033,101.87325,100.68857024106195,127,26.311429758938047,6.452400000000001,16.4784
17/3/24,07:39:11,2.945025,101.873257,100.35866240452731,126,25.64133759547269,6.452400000000001,16.4784
17/3/24,07:39:12,2.945016,101.873265,99.98281402466168,120,20.01718597533832,6.5856,16.7604
17/3/24,07:39:13,2.945008,101.873274,99.65958335124833,124,24.34041664875167,6.554799999999999,16.6884
17/3/24,07:39:14,2.945001,101.873287,99.41504682169256,133,33.584953178307444,5.041799999999999,14.2174
17/3/24,07:39:15,2.944993,101.873297,99.08766187785133,135,35.91233812214867,5.041799999999999,14.2174
17/3/24,07:39:16,2.944983,101.873306,98.64113770060943,142,43.358862299390566,0.61614,10.029
17/3/24,07:39:17,2.944975,101.873314,98.28383723756203,139,40.716162762437975,0.9955799999999999,10.2774
17/3/24,07:39:18,2.944967,101.873322,97.9204686980019,134,36.0795313019981,2.6304,11.601600000000001
17/3/24,07:39:19,2.944961,101.87333,97.658271501387,134,36.341728498612994,2.6304,11.601600000000001
17/3/24,07:39:20,2.944955,101.873339,97.39873966034433,133,35.60126033965567,5.041799999999999,14.2174
17/3/24,07:39:21,2.944947,101.873346,97.01141894835725,136,38.988581051642754,2.6304,11.601600000000001
17/3/24,07:39:22,2.944939,101.873354,96.62455321740283,130,33.375446782597166,5.041799999999999,14.2174
17/3/24,07:39:23,2.944931,101.873363,96.23706370253433,131,34.76293629746567,5.041799999999999,14.2174
17/3/24,07:39:24,2.944923,101.873365,95.8020519175746,131,35.1979480824254,5.041799999999999,14.2174
17/3/24,07:39:25,2.944915,101.873373,95.3964219465706,135,39.6035780534294,0.9955799999999999,10.2774
17/3/24,07:39:26,2.944908,101.87338,95.03571509672949,137,41.96428490327051,0.9955799999999999,10.2774
17/3/24,07:39:27,2.944901,101.87339,94.68360077682772,138,43.31639922317228,0.61614,10.029
17/3/24,07:39:28,2.944893,101.873399,94.26138845522532,133,38.738611544774685,2.6304,11.601600000000001
17/3/24,07:39:29,2.94489,101.87341,94.13305564316184,135,40.86694435683816,0.9955799999999999,10.2774
17/3/24,07:39:30,2.944885,101.873417,93.86657460935147,132,38.133425390648526,2.6304,11.601600000000001
17/3/24,07:39:31,2.944879,101.873425,93.53993337278288,134,40.46006662721712,0.9955799999999999,10.2774
17/3/24,07:39:32,2.944872,101.873434,93.15046082532136,129,35.84953917467864,5.041799999999999,14.2174
17/3/24,07:39:33,2.944866,101.87344,92.8053238346347,129,36.194676165365294,2.6304,11.601600000000001
17/3/24,07:39:34,2.944858,101.873448,92.33790859367086,130,37.66209140632914,2.6304,11.601600000000001
17/3/24,07:39:35,2.944851,101.873457,91.92618591114811,127,35.07381408885189,5.041799999999999,14.2174
17/3/24,07:39:36,2.944844,101.873466,91.5061501872207,134,42.4938498127793,0.9955799999999999,10.2774
17/3/24,07:39:37,2.944837,101.873476,91.07878532148547,134,42.92121467851453,0.9955799999999999,10.2774
17/3/24,07:39:38,2.944829,101.873485,90.57692401047457,129,38.42307598952543,2.6304,11.601600000000001
17/3/24,07:39:39,2.944822,101.873497,90.12996932211993,129,38.87003067788007,2.6304,11.601600000000001
17/3/24,07:39:40,2.944815,101.873506,89.67181356941424,126,36.32818643058576,2.6304,11.601600000000001
17/3/24,07:39:41,2.944808,101.873515,89.20416765343803,129,39.795832346561966,0.9955799999999999,10.2774
17/3/24,07:39:42,2.9448,101.873524,88.65980993968813,129,40.34019006031187,0.9955799999999999,10.2774
17/3/24,07:39:43,2.944792,101.873533,88.10413419135227,129,40.89586580864773,0.9955799999999999,10.2774
17/3/24,07:39:44,2.944785,101.873544,87.59950853271442,125,37.400491467285576,2.6304,11.601600000000001
17/3/24,07:39:45,2.944777,101.873552,87.02326266995193,131,43.97673733004807,0.61614,10.029
17/3/24,07:39:46,2.944771,101.87356,86.57580440519891,133,46.42419559480109,0.61614,10.029
17/3/24,07:39:47,2.944763,101.873569,85.97437991850964,132,46.02562008149036,0.61614,10.029
17/3/24,07:39:48,2.944757,101.873579,85.49694707455467,126,40.50305292544533,0.9955799999999999,10.2774
17/3/24,07:39:49,2.944749,101.873587,84.87704640335132,123,38.122953596648685,2.6304,11.601600000000001
17/3/24,07:39:50,2.944743,101.873595,84.3904856204703,123,38.6095143795297,2.6304,11.601600000000001
17/3/24,07:39:51,2.944738,101.873604,83.96003734752566,123,39.039962652474344,2.6304,11.601600000000001
17/3/24,07:39:52,2.94473,101.873614,83.29008299555869,126,42.70991700444131,0.9955799999999999,10.2774
17/3/24,07:39:53,2.944722,101.873622,82.62361687545057,128,45.376383124549434,0.61614,10.029
17/3/24,07:39:54,2.944716,101.87363,82.09504172505252,135,52.904958274947475,0.0,10.0002
17/3/24,07:39:55,2.944709,101.873639,81.46949793952999,130,48.53050206047001,0.0,10.002200000000002
17/3/24,07:39:56,2.944703,101.873648,80.90709365965344,136,55.09290634034656,0.0,10.0
17/3/24,07:39:57,2.944697,101.873657,80.33251627774628,131,50.66748372225372,0.0,10.0002
17/3/24,07:39:58,2.94469,101.873665,79.68183919313275,128,48.318160806867255,0.0,10.002200000000002
17/3/24,07:39:59,2.944683,101.873673,79.01920896379274,130,50.980791036207265,0.0,10.0002
17/3/24,07:40:00,2.944675,101.873681,78.26577109198745,121,42.734228908012554,0.9955799999999999,10.2774
17/3/24,07:40:01,2.944667,101.873689,77.49912586093359,125,47.50087413906641,0.0,10.002200000000002
17/3/24,07:40:02,2.94466,101.873696,76.81742280219848,120,43.18257719780152,0.9955799999999999,10.2774
17/3/24,07:40:03,2.944655,101.873705,76.24627625790431,116,39.75372374209569,0.9955799999999999,10.2774
17/3/24,07:40:04,2.94465,101.873713,75.68319230460352,120,44.31680769539648,0.61614,10.029
17/3/24,07:40:05,2.944642,101.873722,74.84375714361536,124,49.15624285638464,0.0,10.002200000000002
17/3/24,07:40:06,2.944634,101.873728,74.05785341609018,128,53.94214658390982,0.0,10.0002
17/3/24,07:40:07,2.944628,101.873734,73.42666433731665,113,39.57333566268335,2.6304,11.601600000000001
17/3/24,07:40:08,2.944622,101.873743,72.71162835001533,118,45.28837164998467,0.61614,10.029
17/3/24,07:40:09,2.944615,101.873752,71.89927369141817,121,49.10072630858183,0.0,10.002200000000002
17/3/24,07:40:10,2.944608,101.873761,71.07108703771769,118,46.92891296228231,0.0,10.002200000000002
17/3/24,07:40:11,2.944602,101.873769,70.34004191894729,119,48.65995808105271,0.0,10.002200000000002
17/3/24,07:40:12,2.944596,101.873777,69.59646994144936,123,53.40353005855064,0.0,10.0002
17/3/24,07:40:13,2.944591,101.873785,68.92420975898062,127,58.07579024101938,0.0,10.0
17/3/24,07:40:14,2.944589,101.873787,68.69126114234308,124,55.30873885765692,0.0,10.0
17/3/24,07:40:15,2.944587,101.873786,68.55638006048139,123,54.44361993951861,0.0,10.0
17/3/24,07:40:16,2.944587,101.873786,68.55638006048139,124,55.44361993951861,0.0,10.0
17/3/24,07:40:17,2.944586,101.873786,68.47275190430926,125,56.52724809569074,0.0,10.0
17/3/24,07:40:18,2.944586,101.873787,68.43977835038403,125,56.56022164961597,0.0,10.0
17/3/24,07:40:19,2.944586,101.873786,68.47275190430926,125,56.52724809569074,0.0,10.0
17/3/24,07:40:20,2.944586,101.873785,68.50562952447555,127,58.49437047552445,0.0,10.0
17/3/24,07:40:21,2.944586,101.873785,68.50562952447555,125,56.49437047552445,0.0,10.0
17/3/24,07:40:22,2.944584,101.873786,68.30578434116067,117,48.694215658839326,0.0,10.002200000000002
17/3/24,07:40:23,2.94458,101.873791,67.8041120130135,117,49.195887986986506,0.0,10.002200000000002
17/3/24,07:40:24,2.944575,101.873796,67.21394574824691,130,62.786054251753086,0.6420199999999999,10.0
17/3/24,07:40:25,2.94457,101.873802,66.58268368046501,131,64.41731631953499,0.6420199999999999,10.0
17/3/24,07:40:26,2.944564,101.87381,65.78577314431368,125,59.21422685568632,0.0,10.0
17/3/24,07:40:27,2.944558,101.873817,65.01546485390372,117,51.98453514609628,0.0,10.0002
17/3/24,07:40:28,2.944553,101.873824,64.31940513212103,115,50.680594867878966,0.0,10.0002
17/3/24,07:40:29,2.944548,101.873832,63.57233382362031,120,56.42766617637969,0.0,10.0
17/3/24,07:40:30,2.944542,101.87384,62.729113346862434,126,63.270886653137566,0.6420199999999999,10.0
17/3/24,07:40:31,2.944538,101.873845,62.17493452712601,116,53.82506547287399,0.0,10.0002
17/3/24,07:40:32,2.944532,101.87385,61.44875320708533,126,64.55124679291467,0.6420199999999999,10.0
17/3/24,07:40:33,2.944526,101.873857,60.625517915085155,120,59.374482084914845,0.0,10.0
17/3/24,07:40:34,2.944519,101.873861,59.85506752713623,127,67.14493247286377,0.7113999999999999,10.0
17/3/24,07:40:35,2.944511,101.873864,59.051891285172815,128,68.94810871482719,0.7794800000000001,10.0
17/3/24,07:40:36,2.944506,101.873871,58.29591123230354,121,62.70408876769646,0.6420199999999999,10.0
17/3/24,07:40:37,2.9445,101.873874,57.656092093456834,121,63.343907906543166,0.6420199999999999,10.0
17/3/24,07:40:38,2.944493,101.873876,56.98954676329694,126,69.01045323670306,0.7794800000000001,10.0
17/3/24,07:40:39,2.944487,101.873882,56.195379360246946,131,74.80462063975305,0.8380799999999999,10.0
17/3/24,07:40:40,2.944482,101.87389,55.36686810947026,125,69.63313189052974,0.7794800000000001,10.0
17/3/24,07:40:41,2.944476,101.873897,54.50518168287715,116,61.49481831712285,0.6420199999999999,10.0
17/3/24,07:40:42,2.944469,101.873905,53.501372270049174,120,66.49862772995083,0.7113999999999999,10.0
17/3/24,07:40:43,2.944463,101.873914,52.507935951797236,119,66.49206404820276,0.7113999999999999,10.0
17/3/24,07:40:44,2.944457,101.873923,51.50264480835628,114,62.49735519164372,0.6420199999999999,10.0
17/3/24,07:40:45,2.944454,101.873931,50.777915402285885,98,47.222084597714115,0.0,10.002200000000002
17/3/24,07:40:46,2.94445,101.873939,49.966006116688845,90,40.033993883311155,0.9955799999999999,10.2774
17/3/24,07:40:47,2.944449,101.87395,49.175246196160714,87,37.824753803839286,2.6304,11.601600000000001
17/3/24,07:40:48,2.944449,101.873959,48.57482151984709,87,38.42517848015291,2.6304,11.601600000000001
17/3/24,07:40:49,2.94445,101.873968,48.036688321570296,86,37.963311678429704,2.6304,11.601600000000001
17/3/24,07:40:50,2.94445,101.873976,47.47755535801184,93,45.52244464198816,0.61614,10.029
17/3/24,07:40:51,2.944448,101.873984,46.75214261631601,94,47.24785738368399,0.0,10.002200000000002
17/3/24,07:40:52,2.944447,101.873993,46.017513462333454,91,44.982486537666546,0.61614,10.029
17/3/24,07:40:53,2.944446,101.874003,45.191036986889,92,46.808963013111,0.0,10.002200000000002
17/3/24,07:40:54,2.944443,101.874012,44.270040595269876,90,45.729959404730124,0.61614,10.029
17/3/24,07:40:55,2.944441,101.874021,43.40986456079091,97,53.59013543920909,0.0,10.0002
17/3/24,07:40:56,2.94444,101.874031,42.527318330104606,90,47.472681669895394,0.0,10.002200000000002
17/3/24,07:40:57,2.944438,101.874039,41.71674180834191,85,43.28325819165809,0.61614,10.029
17/3/24,07:40:58,2.944436,101.874049,40.72322900021561,84,43.27677099978439,0.61614,10.029
17/3/24,07:40:59,2.944435,101.874059,39.782985417586616,90,50.217014582413384,0.0,10.002200000000002
17/3/24,07:41:00,2.944432,101.874067,38.85617411756229,100,61.14382588243771,0.0,10.0
17/3/24,07:41:01,2.944431,101.874073,38.24381039114715,53,14.75618960885285,6.593999999999999,16.782
17/3/24,07:41:02,2.944431,101.874075,38.061891697985175,33,-5.061891697985175,16.5714,16.5604
17/3/24,07:41:03,2.944426,101.874079,37.34185387410258,107,69.65814612589742,0.7794800000000001,10.0
17/3/24,07:41:04,2.944417,101.874084,36.26085683247746,146,109.73914316752254,0.0,10.0
17/3/24,07:41:05,2.944406,101.874087,35.25248726723132,164,128.74751273276868,0.0,10.0
17/3/24,07:41:06,2.944396,101.874091,34.24327601744886,158,123.75672398255114,0.0,10.0
17/3/24,07:41:07,2.944386,101.874094,33.349565479075665,159,125.65043452092434,0.0,10.0
17/3/24,07:41:08,2.944377,101.874097,32.53717942248238,156,123.46282057751762,0.0,10.0
17/3/24,07:41:09,2.944367,101.874102,31.50315115559755,157,125.49684884440245,0.0,10.0
17/3/24,07:41:10,2.944359,101.874103,30.966895530634872,149,118.03310446936513,0.0,10.0
17/3/24,07:41:11,2.94435,101.874106,30.20835670259956,146,115.79164329740044,0.0,10.0
17/3/24,07:41:12,2.944341,101.874111,29.28568406706549,148,118.71431593293451,0.0,10.0
17/3/24,07:41:13,2.944332,101.874116,28.380999846694294,153,124.6190001533057,0.0,10.0
17/3/24,07:41:14,2.944323,101.874118,27.765329658770128,156,128.23467034122987,0.0,10.0
17/3/24,07:41:15,2.944313,101.874122,26.939860307467654,144,117.06013969253235,0.0,10.0
17/3/24,07:41:16,2.944304,101.874128,25.999761616454748,128,102.00023838354525,0.0,10.0
17/3/24,07:41:17,2.944296,101.874137,24.850190553203504,124,99.1498094467965,0.0,10.0
17/3/24,07:41:18,2.944288,101.874141,24.16363294293788,119,94.83636705706212,0.0,10.0
17/3/24,07:41:19,2.94428,101.87415,23.043140313820572,123,99.95685968617943,0.0,10.0
17/3/24,07:41:20,2.944276,101.874161,21.90220531218759,105,83.09779468781241,0.69842,10.0
17/3/24,07:41:21,2.944272,101.874171,20.851008101439987,101,80.14899189856001,0.76104,10.0
17/3/24,07:41:22,2.944265,101.874179,19.884252204824378,112,92.11574779517562,0.0,10.0
17/3/24,07:41:23,2.94426,101.874187,18.992844778898785,116,97.00715522110121,0.0,10.0
17/3/24,07:41:24,2.944256,101.874196,18.04615332700652,130,111.95384667299348,0.0,10.0
17/3/24,07:41:25,2.944252,101.87421,16.641442463367895,131,114.3585575366321,0.0,10.0
17/3/24,07:41:26,2.944244,101.874219,15.596806402631984,133,117.40319359736802,0.0,10.0
17/3/24,07:41:27,2.944238,101.874229,14.526318062111073,128,113.47368193788893,0.0,10.0
17/3/24,07:41:28,2.944232,101.874238,13.559525334379856,120,106.44047466562014,0.0,10.0
17/3/24,07:41:29,2.944225,101.874244,12.858572117878595,127,114.1414278821214,0.0,10.0
17/3/24,07:41:30,2.944219,101.874253,11.916593653829011,119,107.08340634617099,0.0,10.0
17/3/24,07:41:31,2.944216,101.87426,11.222488498818649,122,110.77751150118135,0.0,10.0
17/3/24,07:41:32,2.944214,101.874263,10.9135246145986,124,113.0864753854014,0.0,10.0
17/3/24,07:41:33,2.944208,101.874269,10.26684806514325,124,113.73315193485675,0.0,10.0
17/3/24,07:41:34,2.944201,101.874278,9.345086849868721,135,125.65491315013128,0.0,10.0
17/3/24,07:41:35,2.944193,101.874283,8.78279653256672,136,127.21720346743328,0.0,10.0
17/3/24,07:41:36,2.944185,101.874287,8.321270092018494,134,125.6787299079815,0.0,10.0
17/3/24,07:41:37,2.944176,101.874295,7.509059612312939,136,128.49094038768706,0.0,10.0
17/3/24,07:41:38,2.944168,101.874301,6.899571767003096,129,122.1004282329969,0.0,10.0
17/3/24,07:41:39,2.94416,101.874308,6.217675813856033,136,129.78232418614397,0.0,10.0
17/3/24,07:41:40,2.944153,101.874308,6.152926028450537,140,133.84707397154946,0.0,10.0
17/3/24,07:41:41,2.944145,101.874313,5.661135548327479,136,130.33886445167252,0.0,10.0
17/3/24,07:41:42,2.944137,101.87432,5.013823416037297,134,128.9861765839627,0.0,10.0
17/3/24,07:41:43,2.944131,101.874328,4.310352254057818,141,136.68964774594218,0.0,10.0
17/3/24,07:41:44,2.944126,101.87433,4.115397578010999,143,138.884602421989,0.0,10.0
17/3/24,07:41:45,2.944119,101.874332,3.911980300229544,137,133.08801969977046,0.0,10.0
17/3/24,07:41:46,2.94411,101.874342,3.0595757240986927,139,135.9404242759013,0.0,10.0
17/3/24,07:41:47,2.944103,101.874353,2.153718949679188,134,131.8462810503208,0.0,10.0
17/3/24,07:41:48,2.944096,101.874359,1.6592366787588446,137,135.34076332124116,0.0,10.0
17/3/24,07:41:49,2.944089,101.874367,1.0174881499841035,131,129.9825118500159,0.0,10.0
17/3/24,07:41:50,2.944081,101.874375,0.3871399600596135,143,142.6128600399404,0.0,10.0
17/3/24,07:41:51,2.944075,101.87438,360.0,132,132.0,0.0,10.0
17/3/24,07:41:52,2.944068,101.874386,359.54346585117116,138,138.45653414882884,0.0,10.0
17/3/24,07:41:53,2.944062,101.874389,359.3206368243767,138,138.67936317562328,0.0,10.0
17/3/24,07:41:54,2.944054,101.874394,358.95431687759935,143,144.04568312240065,0.0,10.0
17/3/24,07:41:55,2.944045,101.874401,358.4498965819526,139,140.5501034180474,0.0,10.0
17/3/24,07:41:56,2.944039,101.87441,357.8031197719978,128,130.19688022800221,0.0,10.0
17/3/24,07:41:57,2.944032,101.874418,357.24278254525666,132,134.75721745474334,0.0,10.0
17/3/24,07:41:58,2.944024,101.874426,356.69697127790585,144,147.30302872209415,0.0,10.0
17/3/24,07:41:59,2.944014,101.874432,356.31347246417715,149,152.68652753582285,0.0,10.0
17/3/24,07:42:00,2.944006,101.874438,355.92974859689997,144,148.07025140310003,0.0,10.0
17/3/24,07:42:01,2.943999,101.874445,355.47918533161794,138,142.52081466838206,0.0,10.0
17/3/24,07:42:02,2.943991,101.874456,354.76882746470494,140,145.23117253529506,0.0,10.0
17/3/24,07:42:03,2.943983,101.874464,354.27658805165197,138,143.72341194834803,0.0,10.0
17/3/24,07:42:04,2.943976,101.87447,353.92123465391353,142,148.07876534608647,0.0,10.0
17/3/24,07:42:05,2.943968,101.874477,353.5133543621377,144,150.4866456378623,0.0,10.0
17/3/24,07:42:06,2.943963,101.874484,353.0898298610324,142,148.9101701389676,0.0,10.0
17/3/24,07:42:07,2.943955,101.874488,352.8924324640831,139,146.10756753591693,0.0,10.0
17/3/24,07:42:08,2.943945,101.874497,352.3938454521782,144,151.6061545478218,0.0,10.0
17/3/24,07:42:09,2.943936,101.874502,352.1525409659089,149,156.84745903409112,0.0,10.0
17/3/24,07:42:10,2.943927,101.874507,351.9163717518161,145,153.0836282481839,0.0,10.0
17/3/24,07:42:11,2.943918,101.87451,351.8094432695109,157,165.1905567304891,0.0,10.0
17/3/24,07:42:12,2.943909,101.874518,351.39741233304255,150,158.60258766695745,0.0,10.0
17/3/24,07:42:13,2.9439,101.874525,351.05499312338077,145,153.94500687661923,0.0,10.0
17/3/24,07:42:14,2.943893,101.874534,350.57997338301436,149,158.42002661698564,0.0,10.0
17/3/24,07:42:15,2.943883,101.87454,350.32231021583493,149,158.67768978416507,0.0,10.0
17/3/24,07:42:16,2.943872,101.874547,350.02217958839697,142,151.97782041160303,0.0,10.0
17/3/24,07:42:17,2.943862,101.874551,349.89254840799316,134,144.10745159200684,0.0,10.0
17/3/24,07:42:18,2.943853,101.874558,349.5835274770589,140,150.4164725229411,0.0,10.0
17/3/24,07:42:19,2.943843,101.874565,349.291518035063,147,157.708481964937,0.0,10.0
17/3/24,07:42:20,2.943833,101.874571,349.06184637283434,155,165.93815362716566,0.0,10.0
17/3/24,07:42:21,2.943824,101.874582,348.5500033769794,149,160.44999662302058,0.0,10.0
17/3/24,07:42:22,2.943814,101.874588,348.33315682596424,147,158.66684317403576,0.0,10.0
17/3/24,07:42:23,2.943804,101.874595,348.06698536969384,153,164.93301463030616,0.0,10.0
17/3/24,07:42:24,2.943796,101.874603,347.7300418946545,154,166.2699581053455,0.0,10.0
17/3/24,07:42:25,2.943786,101.874608,347.58099980681334,144,156.41900019318666,0.0,10.0
17/3/24,07:42:26,2.943774,101.874614,347.40612896770756,143,155.59387103229244,0.0,10.0
17/3/24,07:42:27,2.943764,101.874621,347.1605534288823,145,157.83944657111772,0.0,10.0
17/3/24,07:42:28,2.943754,101.874623,347.17495374311784,149,161.82504625688216,0.0,10.0
17/3/24,07:42:29,2.943745,101.874627,347.0763925675157,153,165.9236074324843,0.0,10.0
17/3/24,07:42:30,2.943735,101.874632,346.9410807534822,148,161.0589192465178,0.0,10.0
17/3/24,07:42:31,2.943725,101.874637,346.80838442457105,154,167.19161557542895,0.0,10.0
17/3/24,07:42:32,2.943715,101.874644,346.5802023858622,152,165.4197976141378,0.0,10.0
17/3/24,07:42:33,2.943705,101.874649,346.45350069017974,149,162.54649930982026,0.0,10.0
17/3/24,07:42:34,2.943696,101.874653,346.3655461410139,137,150.6344538589861,0.0,10.0
17/3/24,07:42:35,2.943687,101.874657,346.2790528228418,150,163.72094717715822,0.0,10.0
17/3/24,07:42:36,2.943676,101.87466,346.26438840426886,162,175.73561159573114,0.0,10.0
17/3/24,07:42:37,2.943665,101.874667,346.06318503795205,134,147.93681496204795,0.0,10.0
17/3/24,07:42:38,2.943656,101.874673,345.8890357634427,139,153.11096423655732,0.0,10.0
17/3/24,07:42:39,2.943646,101.874679,345.72948675490727,145,159.27051324509273,0.0,10.0
17/3/24,07:42:40,2.943637,101.874685,345.561167043769,149,163.438832956231,0.0,10.0
17/3/24,07:42:41,2.943626,101.874688,345.55379685939147,151,165.44620314060853,0.0,10.0
17/3/24,07:42:42,2.943615,101.874692,345.50204320198674,155,169.49795679801326,0.0,10.0
17/3/24,07:42:43,2.943605,101.874697,345.3956742757734,151,165.6043257242266,0.0,10.0
17/3/24,07:42:44,2.943595,101.8747,345.378575198361,155,169.62142480163902,0.0,10.0
17/3/24,07:42:45,2.943586,101.874706,345.2202694554493,136,150.77973054455072,0.0,10.0
17/3/24,07:42:46,2.943579,101.874716,344.8694836509761,145,160.13051634902388,0.0,10.0
17/3/24,07:42:47,2.943569,101.874723,344.6866812466059,151,166.31331875339413,0.0,10.0
17/3/24,07:42:48,2.943558,101.874727,344.6451851780639,148,163.3548148219361,0.0,10.0
17/3/24,07:42:49,2.943545,101.874733,344.54401297843174,150,165.45598702156826,0.0,10.0
17/3/24,07:42:50,2.943534,101.874736,344.545893165995,151,166.45410683400502,0.0,10.0
17/3/24,07:42:51,2.943523,101.874741,344.46580285218056,159,174.53419714781944,0.0,10.0
17/3/24,07:42:52,2.943513,101.874747,344.33516184502696,163,178.66483815497304,0.0,10.0
17/3/24,07:42:53,2.943502,101.874751,344.2984912424902,159,174.70150875750983,0.0,10.0
17/3/24,07:42:54,2.943493,101.874756,344.1999681178994,157,172.8000318821006,0.0,10.0
17/3/24,07:42:55,2.943484,101.874758,344.22178465886464,157,172.77821534113536,0.0,10.0
17/3/24,07:42:56,2.943474,101.87476,344.2544393774439,151,166.74556062255613,0.0,10.0
17/3/24,07:42:57,2.943465,101.874763,344.236479714662,146,161.76352028533802,0.0,10.0
17/3/24,07:42:58,2.943456,101.874765,344.2576150450297,145,160.7423849549703,0.0,10.0
17/3/24,07:42:59,2.943447,101.874773,344.04704936142946,156,171.95295063857054,0.0,10.0
17/3/24,07:43:00,2.943437,101.874776,344.0417842667656,158,173.9582157332344,0.0,10.0
17/3/24,07:43:01,2.943426,101.874782,343.9336878149692,158,174.06631218503082,0.0,10.0
17/3/24,07:43:02,2.943415,101.874785,343.94016251313394,163,179.05983748686606,0.0,10.0
17/3/24,07:43:03,2.943405,101.874788,343.9357769261337,161,177.0642230738663,0.0,10.0
17/3/24,07:43:04,2.943396,101.874797,343.6984004070371,156,172.30159959296287,0.0,10.0
17/3/24,07:43:05,2.943385,101.874799,343.74326916972774,167,-176.74326916972774,10.0,0.0
17/3/24,07:43:06,2.943375,101.874802,343.7403443419258,153,169.25965565807422,0.0,10.0
17/3/24,07:43:07,2.943366,101.874808,343.6181365585786,153,169.3818634414214,0.0,10.0
17/3/24,07:43:08,2.943357,101.874812,343.56952077517315,151,167.43047922482685,0.0,10.0
17/3/24,07:43:09,2.943349,101.874818,343.43942552454746,153,169.56057447545254,0.0,10.0
17/3/24,07:43:10,2.943339,101.874823,343.3676611480869,157,173.63233885191312,0.0,10.0
17/3/24,07:43:11,2.94333,101.874826,343.3568061245713,141,157.64319387542872,0.0,10.0
17/3/24,07:43:12,2.943322,101.874829,343.3355814938429,139,155.66441850615712,0.0,10.0
17/3/24,07:43:13,2.943314,101.874831,343.349456027309,136,152.65054397269103,0.0,10.0
17/3/24,07:43:14,2.943306,101.874837,343.22450223847613,125,141.77549776152387,0.0,10.0
17/3/24,07:43:15,2.943297,101.87484,343.2147435723574,130,146.7852564276426,0.0,10.0
17/3/24,07:43:16,2.943289,101.874844,343.1605048195043,137,153.8394951804957,0.0,10.0
17/3/24,07:43:17,2.943281,101.874855,342.86887834435333,140,157.13112165564667,0.0,10.0
17/3/24,07:43:18,2.943273,101.874864,342.6485374044364,141,158.3514625955636,0.0,10.0
17/3/24,07:43:19,2.943264,101.874873,342.44158089975724,137,154.55841910024276,0.0,10.0
17/3/24,07:43:20,2.943256,101.87488,342.2932042445039,119,136.7067957554961,0.0,10.0
17/3/24,07:43:21,2.943248,101.874882,342.3116230978849,124,141.68837690211512,0.0,10.0
17/3/24,07:43:22,2.94324,101.874888,342.1984408938049,121,138.8015591061951,0.0,10.0
17/3/24,07:43:23,2.943233,101.874897,341.97810693785914,115,133.02189306214086,0.0,10.0
17/3/24,07:43:24,2.943227,101.874908,341.6847900166693,117,135.3152099833307,0.0,10.0
17/3/24,07:43:25,2.943221,101.874917,341.4589629649431,114,132.5410370350569,0.0,10.0
17/3/24,07:43:26,2.943214,101.874928,341.1824117277266,101,119.81758827227338,0.0,10.0
17/3/24,07:43:27,2.94321,101.874938,340.90789651152056,104,123.09210348847944,0.0,10.0
17/3/24,07:43:28,2.943206,101.874949,340.60409406233646,97,116.39590593766354,0.0,10.0
17/3/24,07:43:29,2.943202,101.874958,340.3656345646093,88,107.63436543539069,0.0,10.0
17/3/24,07:43:30,2.943202,101.874967,340.0837857306485,73,92.91621426935149,0.0,10.0
17/3/24,07:43:31,2.943202,101.874979,339.7095459546425,60,80.29045404535748,0.76104,10.0
17/3/24,07:43:32,2.9432,101.874991,339.3604632767702,60,80.63953672322981,0.76104,10.0
17/3/24,07:43:33,2.943198,101.875002,339.04458940234355,70,90.95541059765645,0.0,10.0
17/3/24,07:43:34,2.943199,101.875015,338.6337270719229,63,84.36627292807708,0.69842,10.0
17/3/24,07:43:35,2.943201,101.875023,338.3649950494305,59,80.63500495056951,0.76104,10.0
17/3/24,07:43:36,2.943203,101.875032,338.0661424035786,63,84.93385759642138,0.69842,10.0
17/3/24,07:43:37,2.943209,101.875044,337.6268208313006,63,85.37317916869938,0.69842,10.0
17/3/24,07:43:38,2.943212,101.875055,337.25547469757413,58,80.74452530242587,0.76104,10.0
17/3/24,07:43:39,2.943214,101.875066,336.89764122232646,57,80.10235877767354,0.76104,10.0
17/3/24,07:43:40,2.943214,101.87508,336.47695945531984,51,74.52304054468016,0.8380799999999999,10.0
17/3/24,07:43:41,2.943217,101.87509,336.13850000381683,49,72.86149999618317,0.8380799999999999,10.0
17/3/24,07:43:42,2.943218,101.875099,335.85702674116897,45,69.14297325883103,0.7794800000000001,10.0
17/3/24,07:43:43,2.943221,101.875107,335.5791253015805,45,69.42087469841948,0.7794800000000001,10.0
17/3/24,07:43:44,2.943225,101.875112,335.3766470051262,45,69.62335299487381,0.7794800000000001,10.0
17/3/24,07:43:45,2.94323,101.875121,335.0416455272781,43,67.95835447272191,0.7113999999999999,10.0
17/3/24,07:43:46,2.943234,101.875127,334.8088796679268,35,60.19112033207318,0.0,10.0
17/3/24,07:43:47,2.94324,101.87514,334.3413838680194,36,61.65861613198058,0.6420199999999999,10.0
17/3/24,07:43:48,2.943246,101.875151,333.9326397975464,23,49.067360202453585,0.0,10.002200000000002
17/3/24,07:43:49,2.943252,101.875158,333.64070868022884,20,46.35929131977116,0.61614,10.029
17/3/24,07:43:50,2.943259,101.875164,333.3625855382644,23,49.6374144617356,0.0,10.002200000000002
17/3/24,07:43:51,2.943268,101.875174,332.93645849133014,15,42.06354150866986,0.9955799999999999,10.2774
17/3/24,07:43:52,2.943276,101.875181,332.6114104549516,12,39.388589545048376,2.6304,11.601600000000001
17/3/24,07:43:53,2.943284,101.875186,332.34332750521673,21,48.656672494783265,0.0,10.002200000000002
17/3/24,07:43:54,2.943291,101.875192,332.0600591258891,15,42.9399408741109,0.9955799999999999,10.2774
17/3/24,07:43:55,2.943297,101.875193,331.9374426008135,11,39.06255739918652,2.6304,11.601600000000001
17/3/24,07:43:56,2.943306,101.875199,331.62041364718436,11,39.379586352815636,2.6304,11.601600000000001
17/3/24,07:43:57,2.943315,101.875206,331.2722662309881,358,26.727733769011877,6.452400000000001,16.4784
17/3/24,07:43:58,2.943324,101.87521,331.00999410701195,3,31.99000589298805,6.1404000000000005,15.8932
17/3/24,07:43:59,2.943333,101.875212,330.804510095202,359,28.195489904798023,6.452400000000001,16.4784
17/3/24,07:44:00,2.943343,101.875216,330.5220166687227,360,29.4779833312773,6.1404000000000005,15.8932
17/3/24,07:44:01,2.943352,101.875219,330.2834835024101,353,22.716516497589907,6.554799999999999,16.6884
17/3/24,07:44:02,2.94336,101.875221,330.0895760780023,355,24.910423921997676,6.554799999999999,16.6884
17/3/24,07:44:03,2.94337,101.875221,329.9190767899581,350,20.080923210041874,6.5856,16.7604
17/3/24,07:44:04,2.943382,101.875221,329.7121390411148,354,24.287860958885176,6.554799999999999,16.6884
17/3/24,07:44:05,2.94339,101.875221,329.57274355653715,345,15.427256443462852,6.593999999999999,16.782
17/3/24,07:44:06,2.943399,101.87522,329.44438253155556,331,1.5556174684444386,16.5604,16.5714
17/3/24,07:44:07,2.943408,101.87522,329.2847690413919,330,0.7152309586081174,16.5604,16.5714
17/3/24,07:44:08,2.943419,101.875217,329.17790750332006,324,-5.177907503320057,16.5714,16.5604
17/3/24,07:44:09,2.943429,101.875211,329.17868730660643,329,-0.1786873066064345,16.736800000000002,16.736800000000002
17/3/24,07:44:10,2.94344,101.875205,329.1612139130027,327,-2.1612139130027117,16.736800000000002,16.736800000000002
17/3/24,07:44:11,2.943449,101.875201,329.11875896529347,339,9.881241034706534,6.5974,16.791
17/3/24,07:44:12,2.943456,101.875198,329.08194682714816,333,3.9180531728518417,9.4328,16.0856
17/3/24,07:44:13,2.943463,101.875193,329.10684487803326,329,-0.10684487803325737,16.736800000000002,16.736800000000002
17/3/24,07:44:14,2.943472,101.87519,329.0321329223587,330,0.9678670776413014,16.5604,16.5714
17/3/24,07:44:15,2.943481,101.875186,328.98791530173366,336,7.012084698266335,9.4328,16.0856
17/3/24,07:44:16,2.943488,101.875182,328.98117609058755,329,0.018823909412446937,16.5604,16.5714
17/3/24,07:44:17,2.943494,101.875174,329.1204294082153,347,17.879570591784727,6.593999999999999,16.782
17/3/24,07:44:18,2.943504,101.87517,329.05680399725964,347,17.943196002740365,6.593999999999999,16.782
17/3/24,07:44:19,2.943514,101.875164,329.05670630266115,337,7.943293697338845,6.5974,16.791
17/3/24,07:44:20,2.943523,101.875162,328.94640400396077,337,8.053595996039235,6.5974,16.791
17/3/24,07:44:21,2.943531,101.875161,328.82200307004615,347,18.17799692995385,6.5856,16.7604
17/3/24,07:44:22,2.943538,101.875159,328.7488347340159,346,17.251165265984127,6.593999999999999,16.782
17/3/24,07:44:23,2.943547,101.875158,328.6022571769504,346,17.39774282304961,6.593999999999999,16.782
17/3/24,07:44:24,2.943554,101.875163,328.29772150932433,350,21.702278490675667,6.554799999999999,16.6884
17/3/24,07:44:25,2.943567,101.875165,327.96702235219755,351,23.032977647802454,6.554799999999999,16.6884
17/3/24,07:44:26,2.943577,101.875163,327.8261415605212,347,19.173858439478806,6.5856,16.7604
17/3/24,07:44:27,2.943586,101.875163,327.6381853649905,356,28.361814635009523,6.452400000000001,16.4784
17/3/24,07:44:28,2.943592,101.875163,327.5117904491694,359,31.488209550830618,6.1404000000000005,15.8932
17/3/24,07:44:29,2.943601,101.875163,327.3205421074452,2,34.67945789255481,5.041799999999999,14.2174
17/3/24,07:44:30,2.943611,101.875164,327.07232739856966,3,35.927672601430345,5.041799999999999,14.2174
17/3/24,07:44:31,2.943622,101.875164,326.8329466330579,6,39.16705336694213,2.6304,11.601600000000001
17/3/24,07:44:32,2.943634,101.875165,326.53467770099746,358,31.465322299002537,6.1404000000000005,15.8932
17/3/24,07:44:33,2.943643,101.875166,326.2999441119938,2,35.700055888006204,5.041799999999999,14.2174
17/3/24,07:44:34,2.94365,101.875162,326.2771151278421,5,38.72288487215792,2.6304,11.601600000000001
17/3/24,07:44:35,2.943658,101.875164,326.02756739568645,7,40.97243260431355,0.9955799999999999,10.2774
17/3/24,07:44:36,2.94367,101.875167,325.6495414383827,13,47.3504585616173,0.0,10.002200000000002
17/3/24,07:44:37,2.943683,101.875171,325.209485229057,15,49.79051477094299,0.0,10.002200000000002
17/3/24,07:44:38,2.943691,101.875173,324.9516896077302,24,59.0483103922698,0.0,10.0
17/3/24,07:44:39,2.943692,101.875175,324.8599164436017,28,63.14008355639828,0.6420199999999999,10.0
17/3/24,07:44:40,2.943703,101.87518,324.4254040176579,23,58.57459598234209,0.0,10.0
17/3/24,07:44:41,2.943711,101.87518,324.2303082445251,16,51.76969175547492,0.0,10.0002
17/3/24,07:44:42,2.943722,101.875185,323.7890102295953,21,57.210989770404694,0.0,10.0
17/3/24,07:44:43,2.943733,101.875187,323.44562152352665,17,53.554378476473346,0.0,10.0002
17/3/24,07:44:44,2.943742,101.875187,323.2174418183109,17,53.782558181689126,0.0,10.0002
17/3/24,07:44:45,2.943752,101.875192,322.7907221223939,13,50.2092778776061,0.0,10.002200000000002
17/3/24,07:44:46,2.943761,101.875196,322.42093786760756,18,55.57906213239244,0.0,10.0
17/3/24,07:44:47,2.943773,101.8752,321.96901793119156,17,55.03098206880844,0.0,10.0
17/3/24,07:44:48,2.94379,101.875201,321.4789557972813,22,60.52104420271871,0.0,10.0
17/3/24,07:44:49,2.943803,101.875202,321.08976589137694,24,62.91023410862306,0.6420199999999999,10.0
17/3/24,07:44:50,2.943816,101.875208,320.5246813195881,24,63.475318680411874,0.6420199999999999,10.0
17/3/24,07:44:51,2.943828,101.875214,319.9826220040143,22,62.017377995985726,0.6420199999999999,10.0
17/3/24,07:44:52,2.943838,101.87522,319.49377497390253,18,58.50622502609747,0.0,10.0
17/3/24,07:44:53,2.94385,101.875224,319.01082336737977,13,53.98917663262023,0.0,10.0002
17/3/24,07:44:54,2.943862,101.875229,318.48949824079443,18,59.51050175920557,0.0,10.0
17/3/24,07:44:55,2.943875,101.875233,317.96677486300024,19,61.03322513699976,0.0,10.0
17/3/24,07:44:56,2.943884,101.875237,317.56050614356604,18,60.439493856433955,0.0,10.0
17/3/24,07:44:57,2.943897,101.875241,317.02814818057584,18,60.97185181942416,0.0,10.0
17/3/24,07:44:58,2.943909,101.875246,316.4883956864432,18,61.5116043135568,0.6420199999999999,10.0
17/3/24,07:44:59,2.943919,101.87525,316.04061362686446,12,55.959386373135544,0.0,10.0
17/3/24,07:45:00,2.943929,101.87525,315.7210323101525,1,45.27896768984749,0.61614,10.029
17/3/24,07:45:01,2.943941,101.875251,315.2997414987002,349,33.7002585012998,5.041799999999999,14.2174
17/3/24,07:45:02,2.943951,101.875256,314.8079819828954,348,33.1920180171046,5.041799999999999,14.2174
17/3/24,07:45:03,2.94396,101.875258,314.4444382236617,347,32.55556177633832,5.041799999999999,14.2174
17/3/24,07:45:04,2.943963,101.875256,314.4096676504221,343,28.59033234957792,6.452400000000001,16.4784
17/3/24,07:45:05,2.943968,101.875255,314.27479514597945,342,27.725204854020546,6.452400000000001,16.4784
17/3/24,07:45:06,2.943979,101.875257,313.83735536369363,346,32.16264463630637,6.1404000000000005,15.8932
17/3/24,07:45:07,2.943984,101.875253,313.7975227936487,345,31.20247720635132,6.1404000000000005,15.8932
17/3/24,07:45:08,2.943993,101.875254,313.4550399653092,343,29.544960034690803,6.1404000000000005,15.8932
17/3/24,07:45:09,2.943999,101.875253,313.2795203925301,338,24.720479607469883,6.554799999999999,16.6884
17/3/24,07:45:10,2.94401,101.875248,313.0580958372642,329,15.941904162735796,6.593999999999999,16.782
17/3/24,07:45:11,2.944021,101.875242,312.86558795826517,332,19.134412041734834,6.5856,16.7604
17/3/24,07:45:12,2.944029,101.875238,312.7110133012854,336,23.28898669871461,6.554799999999999,16.6884
17/3/24,07:45:13,2.944037,101.875238,312.4208515682003,340,27.579148431799695,6.452400000000001,16.4784
17/3/24,07:45:14,2.944044,101.875234,312.2979814556761,340,27.70201854432389,6.452400000000001,16.4784
17/3/24,07:45:15,2.944055,101.875227,312.1255912490271,338,25.87440875097292,6.452400000000001,16.4784
17/3/24,07:45:16,2.944072,101.875227,311.48580309847705,339,27.51419690152295,6.452400000000001,16.4784
17/3/24,07:45:17,2.944083,101.875224,311.1656835968266,332,20.834316403173375,6.5856,16.7604
17/3/24,07:45:18,2.944092,101.875219,310.98561449023134,326,15.014385509768658,6.593999999999999,16.782
17/3/24,07:45:19,2.944098,101.875212,310.98851831815057,322,11.011481681849432,6.5966000000000005,16.789
17/3/24,07:45:20,2.944106,101.875208,310.8092342703475,319,8.190765729652526,6.5974,16.791
17/3/24,07:45:21,2.944116,101.875206,310.4783137380921,319,8.521686261907917,6.5974,16.791
17/3/24,07:45:22,2.944126,101.875204,310.14246799605087,317,6.857532003949132,9.4328,16.0856
17/3/24,07:45:23,2.944135,101.875201,309.8770932974189,309,-0.8770932974189236,16.736800000000002,16.736800000000002
17/3/24,07:45:24,2.944142,101.875199,309.6564421423004,309,-0.6564421423004205,16.736800000000002,16.736800000000002
17/3/24,07:45:25,2.94415,101.875195,309.4602569336437,306,-3.4602569336436773,16.736800000000002,16.736800000000002
17/3/24,07:45:26,2.944154,101.875187,309.56927849697564,305,-4.569278496975642,16.5714,16.5604
17/3/24,07:45:27,2.944156,101.875177,309.83570783751384,301,-8.835707837513837,16.0856,9.4328
17/3/24,07:45:28,2.944164,101.875173,309.6360170755529,299,-10.6360170755529,16.0856,9.4328
17/3/24,07:45:29,2.944169,101.87516,309.88611600140155,293,-16.886116001401547,16.789,6.5966000000000005
17/3/24,07:45:30,2.944176,101.875153,309.83548906713213,287,-22.83548906713213,16.7604,6.5856
17/3/24,07:45:31,2.944181,101.875144,309.94592281594134,287,-22.945922815941344,16.7604,6.5856
17/3/24,07:45:32,2.944187,101.875135,310.0140767200416,283,-27.0140767200416,16.6884,6.554799999999999
17/3/24,07:45:33,2.944192,101.875128,310.0531458913415,284,-26.0531458913415,16.6884,6.554799999999999
17/3/24,07:45:34,2.944196,101.875123,310.0620964544471,267,-43.0620964544471,11.601600000000001,2.6304
17/3/24,07:45:35,2.944202,101.875115,310.09494171221434,276,-34.094941712214336,15.8932,6.1404000000000005
17/3/24,07:45:36,2.944209,101.875107,310.08231067153946,277,-33.08231067153946,15.8932,6.1404000000000005
17/3/24,07:45:37,2.944217,101.875104,309.82720864828104,273,-36.827208648281044,14.2174,5.041799999999999
17/3/24,07:45:38,2.944227,101.875097,309.6298554645267,268,-41.62985546452671,11.601600000000001,2.6304
17/3/24,07:45:39,2.944233,101.875094,309.46172977065703,276,-33.46172977065703,15.8932,6.1404000000000005
17/3/24,07:45:40,2.944236,101.875086,309.63456158436543,285,-24.63456158436543,16.7604,6.5856
17/3/24,07:45:41,2.944239,101.875075,309.93188766940034,286,-23.93188766940034,16.7604,6.5856
17/3/24,07:45:42,2.944243,101.875067,310.0636126972414,275,-35.06361269724141,15.8932,6.1404000000000005
17/3/24,07:45:43,2.944245,101.875063,310.1304375310476,277,-33.13043753104762,15.8932,6.1404000000000005
17/3/24,07:45:44,2.944248,101.875055,310.31551003182057,277,-33.315510031820565,15.8932,6.1404000000000005
17/3/24,07:45:45,2.944253,101.875046,310.4468067292021,276,-34.44680672920208,15.8932,6.1404000000000005
17/3/24,07:45:46,2.944253,101.875037,310.83207063940966,272,-38.832070639409665,14.2174,5.041799999999999
17/3/24,07:45:47,2.944256,101.875029,311.0290615750894,285,-26.029061575089372,16.6884,6.554799999999999
17/3/24,07:45:48,2.94426,101.875021,311.1790903498287,285,-26.179090349828698,16.6884,6.554799999999999
17/3/24,07:45:49,2.944264,101.875014,311.2873540108585,279,-32.28735401085851,16.4784,6.452400000000001
17/3/24,07:45:50,2.944267,101.875008,311.40381336753273,271,-40.403813367532734,11.601600000000001,2.6304
17/3/24,07:45:51,2.944268,101.875001,311.67111342164014,279,-32.67111342164014,15.8932,6.1404000000000005
17/3/24,07:45:52,2.944278,101.874993,311.5198987493027,284,-27.519898749302683,16.6884,6.554799999999999
17/3/24,07:45:53,2.944283,101.87498,311.8661467681416,281,-30.86614676814162,16.4784,6.452400000000001
17/3/24,07:45:54,2.944277,101.87497,312.6622783365657,280,-32.66227833656569,15.8932,6.1404000000000005
17/3/24,07:45:55,2.944274,101.874965,313.0628110040067,287,-26.062811004006676,16.6884,6.554799999999999
17/3/24,07:45:56,2.944278,101.874956,313.2958542484961,288,-25.295854248496084,16.6884,6.554799999999999
17/3/24,07:45:57,2.944282,101.874946,313.58494402437316,290,-23.584944024373158,16.7604,6.5856
17/3/24,07:45:58,2.944291,101.874938,313.50955385758994,286,-27.509553857589935,16.6884,6.554799999999999
17/3/24,07:45:59,2.944294,101.874936,313.44957676503395,283,-30.449576765033953,16.4784,6.452400000000001
17/3/24,07:46:00,2.944299,101.874929,313.53879723404225,280,-33.53879723404225,15.8932,6.1404000000000005
17/3/24,07:46:01,2.944305,101.87492,313.6803276076978,280,-33.68032760769779,15.8932,6.1404000000000005
17/3/24,07:46:02,2.944311,101.874913,313.71835684579435,280,-33.71835684579435,15.8932,6.1404000000000005
17/3/24,07:46:03,2.944317,101.874906,313.75734811070714,283,-30.75734811070714,16.4784,6.452400000000001
17/3/24,07:46:04,2.944323,101.874899,313.7973383346294,287,-26.797338334629387,16.6884,6.554799999999999
17/3/24,07:46:05,2.944328,101.874892,313.89660747951484,291,-22.89660747951484,16.7604,6.5856
17/3/24,07:46:06,2.944336,101.874892,313.42747689181914,294,-19.42747689181914,16.782,6.593999999999999
17/3/24,07:46:07,2.944343,101.874888,313.23514030482727,296,-17.23514030482727,16.789,6.5966000000000005
17/3/24,07:46:08,2.944349,101.87488,313.3270764116148,297,-16.327076411614826,16.789,6.5966000000000005
17/3/24,07:46:09,2.944356,101.874868,313.59366439049336,304,-9.593664390493359,16.0856,9.4328
17/3/24,07:46:10,2.944361,101.874862,313.6376435723481,306,-7.637643572348111,16.0856,9.4328
17/3/24,07:46:11,2.94437,101.874849,313.8534048565202,301,-12.853404856520228,16.791,6.5974
17/3/24,07:46:12,2.944378,101.874837,314.0819144157309,304,-10.081914415730921,16.0856,9.4328
17/3/24,07:46:13,2.944381,101.874819,315.0378383228418,310,-5.0378383228418215,16.5714,16.5604
17/3/24,07:46:14,2.944387,101.874806,315.5047268727614,321,5.49527312723859,9.4328,16.0856
17/3/24,07:46:15,2.944398,101.874799,315.24222151671484,340,24.757778483285165,6.554799999999999,16.6884
17/3/24,07:46:16,2.944411,101.874794,314.68975013818346,336,21.310249861816544,6.5856,16.7604
17/3/24,07:46:17,2.944417,101.874787,314.7548981883184,336,21.245101811681593,6.5856,16.7604
17/3/24,07:46:18,2.94442,101.874775,315.39818270970295,335,19.60181729029705,6.5856,16.7604
17/3/24,07:46:19,2.944427,101.874759,316.07674341633765,322,5.923256583662351,9.4328,16.0856
17/3/24,07:46:20,2.944434,101.874749,316.3276870038053,322,5.672312996194705,9.4328,16.0856
17/3/24,07:46:21,2.944449,101.874744,315.5834913754368,308,-7.583491375436779,16.0856,9.4328
17/3/24,07:46:22,2.944461,101.874734,315.4396245610306,314,-1.4396245610305982,16.736800000000002,16.736800000000002
17/3/24,07:46:23,2.944471,101.87473,314.9558735281795,317,2.0441264718205048,16.5604,16.5714
17/3/24,07:46:24,2.944475,101.874724,315.1209995619578,322,6.879000438042226,9.4328,16.0856
17/3/24,07:46:25,2.944476,101.87472,315.3728984253611,347,31.627101574638914,6.1404000000000005,15.8932
17/3/24,07:46:26,2.944484,101.874708,315.7281081071767,344,28.271891892823305,6.452400000000001,16.4784
17/3/24,07:46:27,2.944491,101.874705,315.38826806082807,327,11.611731939171932,6.5966000000000005,16.789
17/3/24,07:46:28,2.944501,101.874706,314.41604414529206,323,8.583955854707938,6.5974,16.791
17/3/24,07:46:29,2.94451,101.874708,313.42171738010313,319,5.578282619896868,9.4328,16.0856
17/3/24,07:46:30,2.944522,101.874703,312.7323741223234,327,14.267625877676608,6.5966000000000005,16.789
17/3/24,07:46:31,2.944532,101.874695,312.47392399111186,333,20.52607600888814,6.5856,16.7604
17/3/24,07:46:32,2.944536,101.874691,312.4394961469061,331,18.560503853093905,6.5856,16.7604
17/3/24,07:46:33,2.944548,101.874675,312.714827926876,326,13.285172073123988,6.5966000000000005,16.789
17/3/24,07:46:34,2.94456,101.87467,311.9154921287315,320,8.0845078712685,6.5974,16.791
17/3/24,07:46:35,2.94457,101.874675,310.3171989424402,329,18.6828010575598,6.5856,16.7604
17/3/24,07:46:36,2.944578,101.874671,309.78463716889695,323,13.21536283110305,6.5966000000000005,16.789
17/3/24,07:46:37,2.944587,101.874668,309.01083635413164,318,8.98916364586836,6.5974,16.791
17/3/24,07:46:38,2.9446,101.874665,307.7022386590554,323,15.29776134094459,6.593999999999999,16.782
17/3/24,07:46:39,2.944611,101.874655,307.271303886293,319,11.728696113706974,6.5966000000000005,16.789
17/3/24,07:46:40,2.944624,101.874652,305.811985792681,325,19.188014207318986,6.5856,16.7604
17/3/24,07:46:41,2.944632,101.874643,305.5940968243044,324,18.405903175695585,6.5856,16.7604
17/3/24,07:46:42,2.944639,101.874634,305.5093929309555,315,9.490607069044472,6.5974,16.791
17/3/24,07:46:43,2.94465,101.874624,304.90125975339754,319,14.09874024660246,6.5966000000000005,16.789
17/3/24,07:46:44,2.944658,101.874615,304.6162716266407,321,16.383728373359304,6.593999999999999,16.782
17/3/24,07:46:45,2.944666,101.874608,304.0717281914549,333,28.928271808545105,6.1404000000000005,15.8932
17/3/24,07:46:46,2.944677,101.874595,303.6634390048543,326,22.336560995145703,6.554799999999999,16.6884
17/3/24,07:46:47,2.944687,101.874582,303.39631664419744,329,25.60368335580256,6.452400000000001,16.4784
17/3/24,07:46:48,2.944696,101.874569,303.30299369773036,339,35.69700630226964,5.041799999999999,14.2174
17/3/24,07:46:49,2.944706,101.874559,302.52620675036974,334,31.473793249630262,6.1404000000000005,15.8932
17/3/24,07:46:50,2.944718,101.874553,300.55653374441823,334,33.44346625558177,5.041799999999999,14.2174
17/3/24,07:46:51,2.944723,101.874548,300.03410840757783,326,25.965891592422167,6.452400000000001,16.4784
17/3/24,07:46:52,2.944731,101.874541,298.9656621177535,324,25.03433788224652,6.554799999999999,16.6884
17/3/24,07:46:53,2.944742,101.874534,296.8924429487704,320,23.107557051229605,6.554799999999999,16.6884
17/3/24,07:46:54,2.944752,101.874528,294.7055935687023,325,30.294406431297716,6.1404000000000005,15.8932
17/3/24,07:46:55,2.94476,101.874516,293.8339116177616,332,38.1660883822384,2.6304,11.601600000000001
17/3/24,07:46:56,2.944767,101.874513,291.7531404156913,330,38.24685958430871,2.6304,11.601600000000001
17/3/24,07:46:57,2.944775,101.874508,289.39345968767066,326,36.606540312329344,2.6304,11.601600000000001
17/3/24,07:46:58,2.944783,101.8745,287.1576002328643,324,36.8423997671357,2.6304,11.601600000000001
17/3/24,07:46:59,2.944787,101.874487,287.1616798458322,315,27.838320154167775,6.452400000000001,16.4784
17/3/24,07:47:00,2.944793,101.874476,285.7283790052855,315,29.27162099471451,6.1404000000000005,15.8932
17/3/24,07:47:01,2.944797,101.87447,284.35360559661444,305,20.646394403385557,6.5856,16.7604
17/3/24,07:47:02,2.9448,101.874465,283.2574073221725,294,10.742592677827474,6.5974,16.791
17/3/24,07:47:03,2.944804,101.874458,281.6070856479071,314,32.39291435209287,6.1404000000000005,15.8932
17/3/24,07:47:04,2.94481,101.874449,278.25707262989204,304,25.742927370107964,6.452400000000001,16.4784
17/3/24,07:47:05,2.944811,101.874442,278.27020660488324,304,25.729793395116758,6.452400000000001,16.4784
17/3/24,07:47:06,2.944815,101.874433,275.3963944774826,292,16.603605522517398,6.593999999999999,16.782
17/3/24,07:47:07,2.944819,101.87442,271.43398798504177,283,11.566012014958233,6.5964,16.7888
17/3/24,07:47:08,2.944822,101.8744,264.28190539463526,286,21.71809460536474,3.0396,12.9812
17/3/24,07:47:09,2.944825,101.874388,237.9605794686849,284,46.0394205313151,0.0,10.0092
17/3/24,07:47:10,2.944827,101.874381,188.1195095834736,276,87.88049041652641,0.64938,10.0
17/3/24,07:47:11,2.944829,101.874374,146.34486716635882,267,120.65513283364118,0.0,10.0
17/3/24,07:47:12,2.944832,101.874381,184.7573800417888,255,70.24261995821121,0.7794800000000001,10.0
17/3/24,07:47:13,2.944831,101.874379,174.81239311193949,251,76.18760688806051,0.82702,10.0
17/3/24,07:47:14,2.944832,101.87438,180.0,256,76.0,0.82702,10.0
17/3/24,07:47:15,2.944834,101.87438,180.0,273,93.0,0.0,10.0
17/3/24,07:47:16,2.944835,101.874378,172.41526878931526,285,112.58473121068474,0.6081000000000001,10.0
17/3/24,07:47:17,2.944837,101.874378,173.29894314410447,318,144.70105685589553,0.6962400000000001,10.0
17/3/24,07:47:18,2.944837,101.874376,166.7763500160143,349,-177.7763500160143,10.0,0.6962400000000001
17/3/24,07:47:19,2.944838,101.874378,173.66811266734982,7,-166.66811266734982,10.0,0.64938
17/3/24,07:47:20,2.944838,101.874377,170.54994765633143,354,-176.54994765633143,10.0,0.64938
17/3/24,07:47:21,2.944839,101.874375,165.27506013019644,354,-171.27506013019644,10.0,0.0
17/3/24,07:47:22,2.94484,101.874374,163.3215823294583,354,-169.3215823294583,10.0,0.0
17/3/24,07:47:23,2.944841,101.874372,159.17071677130596,354,-165.17071677130596,10.0,0.0
17/3/24,07:47:24,2.944843,101.874372,160.84447214303205,354,-166.84447214303205,10.0,0.0
17/3/24,07:47:25,2.944845,101.87437,158.22468557141985,354,-164.22468557141985,10.0,0.629
17/3/24,07:47:26,2.944847,101.874368,156.065597903067,355,-161.065597903067,10.0,0.64938
17/3/24,07:47:27,2.944848,101.874366,153.4652216595669,355,-158.4652216595669,10.0,0.0
17/3/24,07:47:28,2.944849,101.874366,154.2603025606251,355,-159.2603025606251,10.0,0.0
17/3/24,07:47:29,2.94485,101.874365,153.4652217006667,355,-158.4652217006667,10.0,0.0
17/3/24,07:47:30,2.94485,101.874367,156.59891655996805,355,-161.59891655996805,10.0,0.0
17/3/24,07:47:31,2.94485,101.874367,156.59891655996805,354,-162.59891655996805,10.0,0.0
17/3/24,07:47:32,2.944852,101.874366,156.3984123498685,354,-162.3984123498685,10.0,0.0
17/3/24,07:47:33,2.944853,101.874367,158.52437243191767,355,-163.52437243191767,10.0,0.0
17/3/24,07:47:34,2.944854,101.874367,159.10074233418666,355,-164.10074233418666,10.0,0.0
17/3/24,07:47:35,2.944856,101.874366,158.77505783396464,354,-164.77505783396464,10.0,0.64938
17/3/24,07:47:36,2.944857,101.874365,157.95844958053158,354,-163.95844958053158,10.0,0.71538
17/3/24,07:47:37,2.944858,101.874365,158.48486910766457,355,-163.48486910766457,10.0,0.7351000000000001
17/3/24,07:47:38,2.944859,101.874366,160.27722747133393,355,-165.27722747133393,10.0,0.6556
17/3/24,07:47:39,2.94486,101.874366,160.73354910480887,355,-165.73354910480887,10.0,0.0
17/3/24,07:47:40,2.944861,101.874365,159.9291863468525,354,-165.9291863468525,10.0,0.0
17/3/24,07:47:41,2.944863,101.874366,161.9879906090751,355,-166.9879906090751,10.0,0.0
17/3/24,07:47:42,2.944863,101.874366,161.9879906090751,354,-167.9879906090751,10.0,0.0
17/3/24,07:47:43,2.944864,101.874366,162.37173974965177,355,-167.37173974965177,10.0,0.0
17/3/24,07:47:44,2.944866,101.874366,163.09356496512476,355,-168.09356496512476,10.0,0.0
17/3/24,07:47:45,2.944867,101.874367,164.5582248330007,354,-170.5582248330007,10.0,0.0
17/3/24,07:47:46,2.944868,101.874367,164.8650253633962,355,-169.8650253633962,10.0,0.0
17/3/24,07:47:47,2.94487,101.874367,165.44421211501637,355,-170.44421211501637,10.0,0.0
17/3/24,07:47:48,2.94487,101.874365,163.3215827598002,355,-168.3215827598002,10.0,0.0
