Date,Time,Latitude,Longitude
2/4/24,05:36:05,2.946311,101.875278
2/4/24,05:36:06,2.946311,101.875278
2/4/24,05:36:07,2.946311,101.875278
2/4/24,05:36:08,2.94631,101.875277
2/4/24,05:36:09,2.946309,101.875277
2/4/24,05:36:10,2.946309,101.875276
2/4/24,05:36:11,2.946308,101.875275
2/4/24,05:36:12,2.946308,101.875275
2/4/24,05:36:13,2.946307,101.875274
2/4/24,05:36:14,2.946307,101.875273
2/4/24,05:36:15,2.946307,101.875273
2/4/24,05:36:16,2.946307,101.875272
2/4/24,05:36:17,2.946307,101.875271
2/4/24,05:36:18,2.946308,101.875271
2/4/24,05:36:19,2.946308,101.875271
2/4/24,05:36:20,2.946308,101.87527
2/4/24,05:36:21,2.946308,101.87527
2/4/24,05:36:22,2.946309,101.87527
2/4/24,05:36:23,2.946309,101.875269
2/4/24,05:36:24,2.94631,101.875269
2/4/24,05:36:25,2.94631,101.875268
2/4/24,05:36:26,2.94631,101.875268
2/4/24,05:36:27,2.94631,101.875268
2/4/24,05:36:28,2.94631,101.875268
2/4/24,05:36:29,2.946309,101.875267
2/4/24,05:36:30,2.946309,101.875267
2/4/24,05:36:31,2.946309,101.875267
2/4/24,05:36:32,2.946309,101.875268
2/4/24,05:36:33,2.946309,101.875268
2/4/24,05:36:34,2.946309,101.875268
2/4/24,05:36:35,2.946309,101.875269
2/4/24,05:36:36,2.946309,101.875269
2/4/24,05:36:37,2.946309,101.875269
2/4/24,05:36:38,2.946309,101.875269
2/4/24,05:36:39,2.94631,101.875268
2/4/24,05:36:40,2.94631,101.875268
2/4/24,05:36:41,2.94631,101.875268
2/4/24,05:36:42,2.94631,101.875268
2/4/24,05:36:43,2.94631,101.875268
2/4/24,05:36:44,2.946309,101.875268
2/4/24,05:36:45,2.946309,101.875268
2/4/24,05:36:46,2.946309,101.875267
2/4/24,05:36:47,2.946308,101.875267
2/4/24,05:36:48,2.946309,101.875267
2/4/24,05:36:49,2.946309,101.875266
2/4/24,05:36:50,2.946309,101.875266
2/4/24,05:36:51,2.94631,101.875265
2/4/24,05:36:52,2.946311,101.875265
2/4/24,05:36:53,2.946312,101.875265
2/4/24,05:36:54,2.946312,101.875265
2/4/24,05:36:55,2.946313,101.875264
2/4/24,05:36:56,2.946314,101.875264
2/4/24,05:36:57,2.946315,101.875264
2/4/24,05:36:58,2.946317,101.875264
2/4/24,05:36:59,2.946318,101.875263
2/4/24,05:37:00,2.946319,101.875263
2/4/24,05:37:01,2.946321,101.875263
2/4/24,05:37:02,2.946322,101.875263
2/4/24,05:37:03,2.946323,101.875263
2/4/24,05:37:04,2.946324,101.875263
2/4/24,05:37:05,2.946324,101.875263
2/4/24,05:37:06,2.946325,101.875263
2/4/24,05:37:07,2.946325,101.875263
2/4/24,05:37:08,2.946325,101.875263
2/4/24,05:37:09,2.946325,101.875264
2/4/24,05:37:10,2.946325,101.875264
2/4/24,05:37:11,2.946325,101.875265
2/4/24,05:37:12,2.946324,101.875265
2/4/24,05:37:13,2.946325,101.875265
2/4/24,05:37:14,2.946325,101.875266
2/4/24,05:37:15,2.946325,101.875266
2/4/24,05:37:16,2.946325,101.875266
2/4/24,05:37:17,2.946325,101.875266
2/4/24,05:37:18,2.946324,101.875267
2/4/24,05:37:19,2.946323,101.875267
2/4/24,05:37:20,2.946322,101.875268
2/4/24,05:37:21,2.946321,101.875268
2/4/24,05:37:22,2.94632,101.875268
2/4/24,05:37:23,2.946319,101.875268
2/4/24,05:37:24,2.946318,101.875268
2/4/24,05:37:25,2.946317,101.875268
2/4/24,05:37:26,2.946315,101.875268
2/4/24,05:37:27,2.946315,101.875268
2/4/24,05:37:28,2.946315,101.875268
2/4/24,05:37:29,2.946314,101.875268
2/4/24,05:37:30,2.946314,101.875268
2/4/24,05:37:31,2.946314,101.875267
2/4/24,05:37:32,2.946314,101.875267
2/4/24,05:37:33,2.946314,101.875266
2/4/24,05:37:34,2.946314,101.875266
2/4/24,05:37:35,2.946314,101.875265
2/4/24,05:37:36,2.946314,101.875265
2/4/24,05:37:37,2.946313,101.875264
2/4/24,05:37:38,2.946313,101.875264
2/4/24,05:37:39,2.946313,101.875264
2/4/24,05:37:40,2.946313,101.875263
2/4/24,05:37:41,2.946313,101.875263
2/4/24,05:37:42,2.946312,101.875263
2/4/24,05:37:43,2.946312,101.875263
2/4/24,05:37:44,2.946312,101.875263
2/4/24,05:37:45,2.946312,101.875263
2/4/24,05:37:46,2.946312,101.875263
2/4/24,05:37:47,2.946312,101.875263
2/4/24,05:37:48,2.946312,101.875262
2/4/24,05:37:49,2.946312,101.875262
2/4/24,05:37:50,2.946312,101.875261
2/4/24,05:37:51,2.946312,101.875261
2/4/24,05:37:52,2.946312,101.87526
2/4/24,05:37:53,2.946311,101.87526
2/4/24,05:37:54,2.946312,101.87526
2/4/24,05:37:55,2.946312,101.87526
2/4/24,05:37:56,2.946311,101.87526
2/4/24,05:37:57,2.946311,101.87526
2/4/24,05:37:58,2.946311,101.87526
2/4/24,05:37:59,2.946311,101.87526
2/4/24,05:38:00,2.946311,101.875261
2/4/24,05:38:01,2.946311,101.875261
2/4/24,05:38:02,2.946311,101.875261
2/4/24,05:38:03,2.946311,101.875261
2/4/24,05:38:04,2.94631,101.875261
2/4/24,05:38:05,2.94631,101.875262
2/4/24,05:38:06,2.94631,101.875262
2/4/24,05:38:07,2.946309,101.875262
2/4/24,05:38:08,2.946309,101.875262
2/4/24,05:38:09,2.946309,101.875262
2/4/24,05:38:10,2.946308,101.875262
2/4/24,05:38:11,2.946308,101.875261
2/4/24,05:38:12,2.946308,101.875261
2/4/24,05:38:13,2.946308,101.87526
2/4/24,05:38:14,2.946307,101.87526
2/4/24,05:38:15,2.946307,101.87526
2/4/24,05:38:16,2.946307,101.87526
2/4/24,05:38:17,2.946307,101.87526
2/4/24,05:38:18,2.946307,101.875259
2/4/24,05:38:19,2.946306,101.875259
2/4/24,05:38:20,2.946306,101.875259
2/4/24,05:38:21,2.946305,101.875259
2/4/24,05:38:22,2.946305,101.875258
2/4/24,05:38:23,2.946305,101.875258
2/4/24,05:38:24,2.946304,101.875258
2/4/24,05:38:25,2.946303,101.875258
2/4/24,05:38:26,2.946303,101.875259
2/4/24,05:38:27,2.946302,101.875258
2/4/24,05:38:28,2.946302,101.875258
2/4/24,05:38:29,2.946302,101.875258
2/4/24,05:38:30,2.946302,101.875258
2/4/24,05:38:31,2.946302,101.875258
2/4/24,05:38:32,2.946302,101.875258
2/4/24,05:38:33,2.946302,101.875257
2/4/24,05:38:34,2.946303,101.875257
2/4/24,05:38:35,2.946303,101.875257
2/4/24,05:38:36,2.946302,101.875257
2/4/24,05:38:37,2.946302,101.875256
2/4/24,05:38:38,2.946303,101.875256
2/4/24,05:38:39,2.946303,101.875256
2/4/24,05:38:40,2.946304,101.875256
2/4/24,05:38:41,2.946304,101.875256
2/4/24,05:38:42,2.946304,101.875256
2/4/24,05:38:43,2.946305,101.875256
2/4/24,05:38:44,2.946305,101.875256
2/4/24,05:38:45,2.946306,101.875255
2/4/24,05:38:46,2.946307,101.875255
2/4/24,05:38:47,2.946307,101.875255
2/4/24,05:38:48,2.946308,101.875254
2/4/24,05:38:49,2.946308,101.875254
2/4/24,05:38:50,2.946308,101.875254
2/4/24,05:38:51,2.946309,101.875254
2/4/24,05:38:52,2.94631,101.875254
2/4/24,05:38:53,2.94631,101.875254
2/4/24,05:38:54,2.94631,101.875254
2/4/24,05:38:55,2.946309,101.875254
2/4/24,05:38:56,2.946309,101.875253
2/4/24,05:38:57,2.946308,101.875253
2/4/24,05:38:58,2.946307,101.875252
2/4/24,05:38:59,2.946306,101.875252
2/4/24,05:39:00,2.946305,101.875252
2/4/24,05:39:01,2.946304,101.875251
2/4/24,05:39:02,2.946303,101.87525
2/4/24,05:39:03,2.946302,101.87525
2/4/24,05:39:04,2.9463,101.875249
2/4/24,05:39:05,2.946299,101.875249
2/4/24,05:39:06,2.946298,101.875249
2/4/24,05:39:07,2.946296,101.875249
2/4/24,05:39:08,2.946295,101.875248
2/4/24,05:39:09,2.946295,101.875248
2/4/24,05:39:10,2.946294,101.875247
2/4/24,05:39:11,2.946293,101.875247
2/4/24,05:39:12,2.946293,101.875246
2/4/24,05:39:13,2.946292,101.875246
2/4/24,05:39:14,2.946292,101.875245
2/4/24,05:39:15,2.946292,101.875244
2/4/24,05:39:16,2.946292,101.875244
2/4/24,05:39:17,2.946293,101.875244
2/4/24,05:39:18,2.946293,101.875244
2/4/24,05:39:19,2.946294,101.875244
2/4/24,05:39:20,2.946295,101.875244
2/4/24,05:39:21,2.946295,101.875244
2/4/24,05:39:22,2.946296,101.875243
2/4/24,05:39:23,2.946297,101.875243
2/4/24,05:39:24,2.946298,101.875242
2/4/24,05:39:25,2.946298,101.875242
2/4/24,05:39:26,2.946299,101.875242
2/4/24,05:39:27,2.9463,101.875242
2/4/24,05:39:28,2.946301,101.875242
2/4/24,05:39:29,2.946301,101.875242
2/4/24,05:39:30,2.946302,101.875242
2/4/24,05:39:31,2.946302,101.875243
2/4/24,05:39:32,2.946302,101.875243
2/4/24,05:39:33,2.946302,101.875243
2/4/24,05:39:34,2.946302,101.875243
2/4/24,05:39:35,2.946302,101.875244
2/4/24,05:39:36,2.946302,101.875244
2/4/24,05:39:37,2.946302,101.875244
2/4/24,05:39:38,2.946302,101.875245
2/4/24,05:39:39,2.946302,101.875245
2/4/24,05:39:40,2.946301,101.875246
2/4/24,05:39:41,2.946301,101.875247
2/4/24,05:39:42,2.946302,101.875247
2/4/24,05:39:43,2.946302,101.875248
2/4/24,05:39:44,2.946302,101.875248
2/4/24,05:39:45,2.946302,101.875249
2/4/24,05:39:46,2.946302,101.875249
2/4/24,05:39:47,2.946302,101.87525
2/4/24,05:39:48,2.946303,101.875251
2/4/24,05:39:49,2.946303,101.875251
2/4/24,05:39:50,2.946303,101.875251
2/4/24,05:39:51,2.946303,101.875252
2/4/24,05:39:52,2.946304,101.875251
2/4/24,05:39:53,2.946305,101.875251
2/4/24,05:39:54,2.946307,101.875251
2/4/24,05:39:55,2.946308,101.875251
2/4/24,05:39:56,2.946309,101.875251
2/4/24,05:39:57,2.94631,101.875251
2/4/24,05:39:58,2.946311,101.875251
2/4/24,05:39:59,2.946312,101.875251
2/4/24,05:40:00,2.946314,101.875251
2/4/24,05:40:01,2.946315,101.875251
2/4/24,05:40:02,2.946317,101.875251
2/4/24,05:40:03,2.946318,101.875251
2/4/24,05:40:04,2.946319,101.875252
2/4/24,05:40:05,2.946319,101.875252
2/4/24,05:40:06,2.94632,101.875252
2/4/24,05:40:07,2.946321,101.875252
2/4/24,05:40:08,2.946322,101.875251
2/4/24,05:40:09,2.946322,101.875251
2/4/24,05:40:10,2.946322,101.875252
2/4/24,05:40:11,2.946322,101.875251
2/4/24,05:40:12,2.946323,101.875251
2/4/24,05:40:13,2.946323,101.875251
2/4/24,05:40:14,2.946323,101.875251
2/4/24,05:40:15,2.946324,101.87525
2/4/24,05:40:16,2.946324,101.87525
2/4/24,05:40:17,2.946324,101.87525
2/4/24,05:40:18,2.946324,101.87525
2/4/24,05:40:19,2.946324,101.875251
2/4/24,05:40:20,2.946323,101.87525
2/4/24,05:40:21,2.946322,101.87525
2/4/24,05:40:22,2.946322,101.87525
2/4/24,05:40:23,2.946321,101.87525
2/4/24,05:40:24,2.946321,101.87525
2/4/24,05:40:25,2.946321,101.87525
2/4/24,05:40:26,2.946321,101.875249
2/4/24,05:40:27,2.946321,101.875249
2/4/24,05:40:28,2.946321,101.875249
2/4/24,05:40:29,2.94632,101.875249
2/4/24,05:40:30,2.94632,101.87525
2/4/24,05:40:31,2.946321,101.87525
2/4/24,05:40:32,2.946321,101.87525
2/4/24,05:40:33,2.946321,101.87525
2/4/24,05:40:34,2.946321,101.875249
2/4/24,05:40:35,2.94632,101.87525
2/4/24,05:40:36,2.94632,101.875249
2/4/24,05:40:37,2.94632,101.875249
2/4/24,05:40:38,2.94632,101.875249
2/4/24,05:40:39,2.94632,101.875249
2/4/24,05:40:40,2.94632,101.875249
2/4/24,05:40:41,2.94632,101.875249
2/4/24,05:40:42,2.94632,101.875249
2/4/24,05:40:43,2.946321,101.875249
2/4/24,05:40:44,2.946321,101.875249
2/4/24,05:40:45,2.946321,101.875249
2/4/24,05:40:46,2.946321,101.875248
2/4/24,05:40:47,2.946321,101.875248
2/4/24,05:40:48,2.946321,101.875248
2/4/24,05:40:49,2.946321,101.875248
2/4/24,05:40:50,2.946321,101.875248
2/4/24,05:40:51,2.946321,101.875247
2/4/24,05:40:52,2.946321,101.875247
2/4/24,05:40:53,2.946321,101.875246
2/4/24,05:40:54,2.946321,101.875246
2/4/24,05:40:55,2.946321,101.875245
2/4/24,05:40:56,2.946321,101.875245
2/4/24,05:40:57,2.946321,101.875244
2/4/24,05:40:58,2.946321,101.875244
2/4/24,05:40:59,2.946321,101.875243
2/4/24,05:41:00,2.946321,101.875243
2/4/24,05:41:01,2.946321,101.875243
2/4/24,05:41:02,2.946321,101.875242
2/4/24,05:41:03,2.946322,101.875242
2/4/24,05:41:04,2.946322,101.875242
2/4/24,05:41:05,2.946322,101.875241
2/4/24,05:41:06,2.946323,101.875241
2/4/24,05:41:07,2.946323,101.87524
2/4/24,05:41:08,2.946324,101.87524
2/4/24,05:41:09,2.946325,101.875239
2/4/24,05:41:10,2.946325,101.875238
2/4/24,05:41:11,2.946325,101.875238
2/4/24,05:41:12,2.946326,101.875237
2/4/24,05:41:13,2.946326,101.875236
2/4/24,05:41:14,2.946326,101.875236
2/4/24,05:41:15,2.946326,101.875236
2/4/24,05:41:16,2.946327,101.875236
2/4/24,05:41:17,2.946327,101.875236
2/4/24,05:41:18,2.946328,101.875236
2/4/24,05:41:19,2.946328,101.875236
2/4/24,05:41:20,2.946329,101.875236
2/4/24,05:41:21,2.94633,101.875236
2/4/24,05:41:22,2.946331,101.875236
2/4/24,05:41:23,2.946331,101.875236
2/4/24,05:41:24,2.946332,101.875237
2/4/24,05:41:25,2.946332,101.875237
2/4/24,05:41:26,2.946333,101.875236
2/4/24,05:41:27,2.946334,101.875236
2/4/24,05:41:28,2.946334,101.875236
2/4/24,05:41:29,2.946335,101.875236
2/4/24,05:41:30,2.946336,101.875236
2/4/24,05:41:31,2.946336,101.875236
2/4/24,05:41:32,2.946336,101.875236
2/4/24,05:41:33,2.946336,101.875236
2/4/24,05:41:34,2.946335,101.875236
2/4/24,05:41:35,2.946335,101.875237
2/4/24,05:41:36,2.946335,101.875237
2/4/24,05:41:37,2.946335,101.875238
2/4/24,05:41:38,2.946335,101.875239
2/4/24,05:41:39,2.946335,101.87524
2/4/24,05:41:40,2.946335,101.87524
2/4/24,05:41:41,2.946335,101.875241
2/4/24,05:41:42,2.946335,101.875241
2/4/24,05:41:43,2.946334,101.875242
2/4/24,05:41:44,2.946334,101.875242
2/4/24,05:41:45,2.946334,101.875242
2/4/24,05:41:46,2.946334,101.875242
2/4/24,05:41:47,2.946335,101.875243
2/4/24,05:41:48,2.946335,101.875243
2/4/24,05:41:49,2.946335,101.875243
2/4/24,05:41:50,2.946336,101.875243
2/4/24,05:41:51,2.946337,101.875243
2/4/24,05:41:52,2.946338,101.875243
2/4/24,05:41:53,2.946339,101.875243
2/4/24,05:41:54,2.946339,101.875243
2/4/24,05:41:55,2.94634,101.875243
2/4/24,05:41:56,2.94634,101.875243
2/4/24,05:41:57,2.94634,101.875243
2/4/24,05:41:58,2.946341,101.875243
2/4/24,05:41:59,2.946342,101.875243
2/4/24,05:42:00,2.946342,101.875243
2/4/24,05:42:01,2.946343,101.875244
2/4/24,05:42:02,2.946343,101.875244
2/4/24,05:42:03,2.946343,101.875244
2/4/24,05:42:04,2.946343,101.875244
2/4/24,05:42:05,2.946343,101.875244
2/4/24,05:42:06,2.946344,101.875244
2/4/24,05:42:07,2.946344,101.875244
2/4/24,05:42:08,2.946344,101.875244
2/4/24,05:42:09,2.946344,101.875244
2/4/24,05:42:10,2.946343,101.875245
2/4/24,05:42:11,2.946343,101.875245
2/4/24,05:42:12,2.946343,101.875245
2/4/24,05:42:13,2.946343,101.875245
2/4/24,05:42:14,2.946343,101.875246
2/4/24,05:42:15,2.946342,101.875246
2/4/24,05:42:16,2.946342,101.875246
2/4/24,05:42:17,2.946342,101.875246
2/4/24,05:42:18,2.946342,101.875246
2/4/24,05:42:19,2.946342,101.875246
2/4/24,05:42:20,2.946342,101.875246
2/4/24,05:42:21,2.946342,101.875246
2/4/24,05:42:22,2.946342,101.875246
2/4/24,05:42:23,2.946343,101.875246
2/4/24,05:42:24,2.946343,101.875247
2/4/24,05:42:25,2.946343,101.875247
2/4/24,05:42:26,2.946343,101.875248
2/4/24,05:42:27,2.946343,101.875248
2/4/24,05:42:28,2.946343,101.875249
2/4/24,05:42:29,2.946342,101.87525
2/4/24,05:42:30,2.946341,101.875251
2/4/24,05:42:31,2.946341,101.875252
2/4/24,05:42:32,2.94634,101.875252
2/4/24,05:42:33,2.94634,101.875253
2/4/24,05:42:34,2.94634,101.875253
2/4/24,05:42:35,2.946339,101.875254
2/4/24,05:42:36,2.94634,101.875254
2/4/24,05:42:37,2.946339,101.875254
2/4/24,05:42:38,2.946339,101.875254
2/4/24,05:42:39,2.946338,101.875255
2/4/24,05:42:40,2.946338,101.875255
2/4/24,05:42:41,2.946338,101.875255
2/4/24,05:42:42,2.946338,101.875256
2/4/24,05:42:43,2.946337,101.875256
2/4/24,05:42:44,2.946337,101.875257
2/4/24,05:42:45,2.946336,101.875257
2/4/24,05:42:46,2.946336,101.875258
2/4/24,05:42:47,2.946336,101.875258
2/4/24,05:42:48,2.946336,101.875258
2/4/24,05:42:49,2.946336,101.875259
2/4/24,05:42:50,2.946336,101.875259
2/4/24,05:42:51,2.946337,101.875259
2/4/24,05:42:52,2.946337,101.875259
2/4/24,05:42:53,2.946336,101.875259
2/4/24,05:42:54,2.946336,101.875259
2/4/24,05:42:55,2.946335,101.875259
2/4/24,05:42:56,2.946335,101.875259
2/4/24,05:42:57,2.946335,101.875259
2/4/24,05:42:58,2.946335,101.875259
2/4/24,05:42:59,2.946335,101.875259
2/4/24,05:43:00,2.946335,101.87526
2/4/24,05:43:01,2.946335,101.87526
2/4/24,05:43:02,2.946335,101.875261
2/4/24,05:43:03,2.946335,101.875261
2/4/24,05:43:04,2.946335,101.875261
2/4/24,05:43:05,2.946335,101.875262
2/4/24,05:43:06,2.946335,101.875262
2/4/24,05:43:07,2.946335,101.875262
2/4/24,05:43:08,2.946334,101.875262
2/4/24,05:43:09,2.946334,101.875262
2/4/24,05:43:10,2.946334,101.875262
2/4/24,05:43:11,2.946333,101.875262
2/4/24,05:43:12,2.946333,101.875263
2/4/24,05:43:13,2.946332,101.875263
2/4/24,05:43:14,2.946332,101.875263
2/4/24,05:43:15,2.946331,101.875264
2/4/24,05:43:16,2.946331,101.875264
2/4/24,05:43:17,2.94633,101.875265
2/4/24,05:43:18,2.946329,101.875265
2/4/24,05:43:19,2.946328,101.875266
2/4/24,05:43:20,2.946328,101.875267
2/4/24,05:43:21,2.946327,101.875267
2/4/24,05:43:22,2.946327,101.875267
2/4/24,05:43:23,2.946326,101.875268
2/4/24,05:43:24,2.946325,101.875268
2/4/24,05:43:25,2.946325,101.875268
2/4/24,05:43:26,2.946324,101.875268
2/4/24,05:43:27,2.946324,101.875268
2/4/24,05:43:28,2.946324,101.875268
2/4/24,05:43:29,2.946324,101.875268
2/4/24,05:43:30,2.946323,101.875268
2/4/24,05:43:31,2.946322,101.875268
2/4/24,05:43:32,2.946322,101.875268
2/4/24,05:43:33,2.946321,101.875268
2/4/24,05:43:34,2.946321,101.875267
2/4/24,05:43:35,2.946321,101.875267
2/4/24,05:43:36,2.946322,101.875266
2/4/24,05:43:37,2.946322,101.875266
2/4/24,05:43:38,2.946321,101.875266
2/4/24,05:43:39,2.946321,101.875266
2/4/24,05:43:40,2.946321,101.875266
2/4/24,05:43:41,2.946321,101.875265
2/4/24,05:43:42,2.946321,101.875265
2/4/24,05:43:43,2.946321,101.875265
2/4/24,05:43:44,2.946321,101.875265
2/4/24,05:43:45,2.946321,101.875264
2/4/24,05:43:46,2.946321,101.875264
2/4/24,05:43:47,2.946321,101.875264
2/4/24,05:43:48,2.946321,101.875264
2/4/24,05:43:49,2.94632,101.875264
2/4/24,05:43:50,2.94632,101.875264
2/4/24,05:43:51,2.94632,101.875264
2/4/24,05:43:52,2.94632,101.875264
2/4/24,05:43:53,2.946319,101.875264
2/4/24,05:43:54,2.946319,101.875264
2/4/24,05:43:55,2.946318,101.875264
2/4/24,05:43:56,2.946317,101.875264
2/4/24,05:43:57,2.946316,101.875264
2/4/24,05:43:58,2.946315,101.875264
2/4/24,05:43:59,2.946315,101.875264
2/4/24,05:44:00,2.946315,101.875264
2/4/24,05:44:01,2.946314,101.875264
2/4/24,05:44:02,2.946314,101.875264
2/4/24,05:44:03,2.946314,101.875264
2/4/24,05:44:04,2.946314,101.875264
2/4/24,05:44:05,2.946314,101.875263
2/4/24,05:44:06,2.946314,101.875263
2/4/24,05:44:07,2.946314,101.875264
2/4/24,05:44:08,2.946314,101.875263
2/4/24,05:44:09,2.946314,101.875263
2/4/24,05:44:10,2.946314,101.875262
2/4/24,05:44:11,2.946314,101.875261
2/4/24,05:44:12,2.946314,101.875261
2/4/24,05:44:13,2.946314,101.87526
2/4/24,05:44:14,2.946314,101.87526
2/4/24,05:44:15,2.946314,101.875259
2/4/24,05:44:16,2.946314,101.875259
2/4/24,05:44:17,2.946315,101.875259
2/4/24,05:44:18,2.946316,101.875258
2/4/24,05:44:19,2.946316,101.875258
2/4/24,05:44:20,2.946317,101.875259
2/4/24,05:44:21,2.946317,101.875258
2/4/24,05:44:22,2.946318,101.875258
2/4/24,05:44:23,2.946319,101.875258
2/4/24,05:44:24,2.94632,101.875257
2/4/24,05:44:25,2.946321,101.875256
2/4/24,05:44:26,2.946322,101.875256
2/4/24,05:44:27,2.946324,101.875255
2/4/24,05:44:28,2.946324,101.875255
2/4/24,05:44:29,2.946325,101.875254
2/4/24,05:44:30,2.946326,101.875254
2/4/24,05:44:31,2.946327,101.875254
2/4/24,05:44:32,2.946327,101.875254
2/4/24,05:44:33,2.946328,101.875254
2/4/24,05:44:34,2.946328,101.875254
2/4/24,05:44:35,2.946329,101.875253
2/4/24,05:44:36,2.946328,101.875253
2/4/24,05:44:37,2.946328,101.875253
2/4/24,05:44:38,2.946327,101.875253
2/4/24,05:44:39,2.946327,101.875253
2/4/24,05:44:40,2.946327,101.875253
2/4/24,05:44:41,2.946327,101.875254
2/4/24,05:44:42,2.946327,101.875254
2/4/24,05:44:43,2.946326,101.875254
2/4/24,05:44:44,2.946326,101.875254
2/4/24,05:44:45,2.946325,101.875254
2/4/24,05:44:46,2.946325,101.875253
2/4/24,05:44:47,2.946324,101.875253
2/4/24,05:44:48,2.946324,101.875253
2/4/24,05:44:49,2.946324,101.875253
2/4/24,05:44:50,2.946324,101.875253
2/4/24,05:44:51,2.946325,101.875253
2/4/24,05:44:52,2.946325,101.875254
2/4/24,05:44:53,2.946325,101.875255
2/4/24,05:44:54,2.946326,101.875256
2/4/24,05:44:55,2.946326,101.875257
2/4/24,05:44:56,2.946326,101.875259
2/4/24,05:44:57,2.946326,101.875259
2/4/24,05:44:58,2.946326,101.87526
2/4/24,05:44:59,2.946326,101.875261
2/4/24,05:45:00,2.946326,101.875261
2/4/24,05:45:01,2.946327,101.875261
2/4/24,05:45:02,2.946327,101.875261
2/4/24,05:45:03,2.946327,101.875262
2/4/24,05:45:04,2.946327,101.875262
2/4/24,05:45:05,2.946328,101.875262
2/4/24,05:45:06,2.946328,101.875262
2/4/24,05:45:07,2.946328,101.875262
2/4/24,05:45:08,2.946329,101.875263
2/4/24,05:45:09,2.94633,101.875263
2/4/24,05:45:10,2.94633,101.875263
2/4/24,05:45:11,2.94633,101.875263
2/4/24,05:45:12,2.946331,101.875264
2/4/24,05:45:13,2.946331,101.875264
2/4/24,05:45:14,2.946331,101.875264
2/4/24,05:45:15,2.946331,101.875264
2/4/24,05:45:16,2.946332,101.875264
2/4/24,05:45:17,2.946331,101.875265
2/4/24,05:45:18,2.946332,101.875265
2/4/24,05:45:19,2.946332,101.875266
2/4/24,05:45:20,2.946332,101.875266
2/4/24,05:45:21,2.946333,101.875267
2/4/24,05:45:22,2.946333,101.875267
2/4/24,05:45:23,2.946333,101.875267
2/4/24,05:45:24,2.946333,101.875267
2/4/24,05:45:25,2.946333,101.875268
2/4/24,05:45:26,2.946332,101.875268
2/4/24,05:45:27,2.946332,101.875268
2/4/24,05:45:28,2.946332,101.875269
2/4/24,05:45:29,2.946332,101.875269
2/4/24,05:45:30,2.946332,101.875269
2/4/24,05:45:31,2.946332,101.875268
2/4/24,05:45:32,2.946331,101.875268
2/4/24,05:45:33,2.946331,101.875267
2/4/24,05:45:34,2.946331,101.875267
2/4/24,05:45:35,2.946331,101.875266
2/4/24,05:45:36,2.946331,101.875265
2/4/24,05:45:37,2.946331,101.875265
2/4/24,05:45:38,2.946331,101.875264
2/4/24,05:45:39,2.946332,101.875264
2/4/24,05:45:40,2.946332,101.875263
2/4/24,05:45:41,2.946332,101.875263
2/4/24,05:45:42,2.946332,101.875263
2/4/24,05:45:43,2.946332,101.875263
2/4/24,05:45:44,2.946332,101.875263
2/4/24,05:45:45,2.946332,101.875263
2/4/24,05:45:46,2.946331,101.875263
2/4/24,05:45:47,2.946331,101.875263
2/4/24,05:45:48,2.946331,101.875262
2/4/24,05:45:49,2.946331,101.875261
2/4/24,05:45:50,2.946331,101.87526
2/4/24,05:45:51,2.946332,101.875259
2/4/24,05:45:52,2.946332,101.875258
2/4/24,05:45:53,2.946333,101.875257
2/4/24,05:45:54,2.946333,101.875256
2/4/24,05:45:55,2.946334,101.875255
2/4/24,05:45:56,2.946335,101.875254
2/4/24,05:45:57,2.946336,101.875254
2/4/24,05:45:58,2.946337,101.875253
2/4/24,05:45:59,2.946338,101.875252
2/4/24,05:46:00,2.94634,101.875251
2/4/24,05:46:01,2.94634,101.875251
2/4/24,05:46:02,2.946341,101.87525
2/4/24,05:46:03,2.946342,101.875249
2/4/24,05:46:04,2.946343,101.875249
2/4/24,05:46:05,2.946343,101.875248
2/4/24,05:46:06,2.946343,101.875249
2/4/24,05:46:07,2.946343,101.875249
2/4/24,05:46:08,2.946343,101.875249
2/4/24,05:46:09,2.946344,101.875249
2/4/24,05:46:10,2.946344,101.875248
2/4/24,05:46:11,2.946344,101.875248
2/4/24,05:46:12,2.946343,101.875248
2/4/24,05:46:13,2.946343,101.875248
2/4/24,05:46:14,2.946342,101.875248
2/4/24,05:46:15,2.946341,101.875248
2/4/24,05:46:16,2.94634,101.875248
2/4/24,05:46:17,2.946339,101.875248
2/4/24,05:46:18,2.946337,101.875248
2/4/24,05:46:19,2.946336,101.875248
2/4/24,05:46:20,2.946335,101.875248
2/4/24,05:46:21,2.946335,101.875248
2/4/24,05:46:22,2.946334,101.875248
2/4/24,05:46:23,2.946334,101.875249
2/4/24,05:46:24,2.946333,101.875249
2/4/24,05:46:25,2.946333,101.875249
2/4/24,05:46:26,2.946332,101.875249
2/4/24,05:46:27,2.946332,101.875248
2/4/24,05:46:28,2.946331,101.875248
2/4/24,05:46:29,2.94633,101.875248
2/4/24,05:46:30,2.94633,101.875248
2/4/24,05:46:31,2.946329,101.875248
2/4/24,05:46:32,2.946328,101.875247
2/4/24,05:46:33,2.946328,101.875247
2/4/24,05:46:34,2.946327,101.875248
2/4/24,05:46:35,2.946326,101.875248
2/4/24,05:46:36,2.946325,101.875248
2/4/24,05:46:37,2.946325,101.875248
2/4/24,05:46:38,2.946324,101.875247
2/4/24,05:46:39,2.946323,101.875248
2/4/24,05:46:40,2.946323,101.875248
2/4/24,05:46:41,2.946322,101.875247
2/4/24,05:46:42,2.946321,101.875247
2/4/24,05:46:43,2.94632,101.875247
2/4/24,05:46:44,2.94632,101.875247
2/4/24,05:46:45,2.94632,101.875247
2/4/24,05:46:46,2.946319,101.875246
2/4/24,05:46:47,2.946319,101.875246
2/4/24,05:46:48,2.946318,101.875246
2/4/24,05:46:49,2.946318,101.875246
2/4/24,05:46:50,2.946318,101.875245
2/4/24,05:46:51,2.946318,101.875244
2/4/24,05:46:52,2.946318,101.875244
2/4/24,05:46:53,2.946318,101.875243
2/4/24,05:46:54,2.946318,101.875243
2/4/24,05:46:55,2.946318,101.875243
2/4/24,05:46:56,2.946318,101.875242
2/4/24,05:46:57,2.946318,101.875242
2/4/24,05:46:58,2.946318,101.875241
2/4/24,05:46:59,2.946318,101.875241
2/4/24,05:47:00,2.946318,101.87524
2/4/24,05:47:01,2.946318,101.87524
2/4/24,05:47:02,2.946319,101.875239
2/4/24,05:47:03,2.946319,101.875239
2/4/24,05:47:04,2.946319,101.875239
2/4/24,05:47:05,2.946319,101.87524
2/4/24,05:47:06,2.946319,101.87524
2/4/24,05:47:07,2.94632,101.87524
2/4/24,05:47:08,2.94632,101.87524
2/4/24,05:47:09,2.94632,101.87524
2/4/24,05:47:10,2.946321,101.87524
2/4/24,05:47:11,2.946322,101.87524
2/4/24,05:47:12,2.946322,101.87524
2/4/24,05:47:13,2.946323,101.87524
2/4/24,05:47:14,2.946324,101.87524
2/4/24,05:47:15,2.946324,101.87524
2/4/24,05:47:16,2.946325,101.87524
2/4/24,05:47:17,2.946325,101.87524
2/4/24,05:47:18,2.946325,101.87524
2/4/24,05:47:19,2.946325,101.875239
2/4/24,05:47:20,2.946325,101.875239
2/4/24,05:47:21,2.946325,101.875239
2/4/24,05:47:22,2.946324,101.875238
2/4/24,05:47:23,2.946324,101.875238
2/4/24,05:47:24,2.946324,101.875237
2/4/24,05:47:25,2.946324,101.875237
2/4/24,05:47:26,2.946324,101.875237
2/4/24,05:47:27,2.946324,101.875236
2/4/24,05:47:28,2.946324,101.875236
2/4/24,05:47:29,2.946324,101.875237
2/4/24,05:47:30,2.946325,101.875237
2/4/24,05:47:31,2.946326,101.875237
2/4/24,05:47:32,2.946327,101.875237
2/4/24,05:47:33,2.946328,101.875238
2/4/24,05:47:34,2.946329,101.875239
2/4/24,05:47:35,2.94633,101.87524
2/4/24,05:47:36,2.946332,101.87524
2/4/24,05:47:37,2.946333,101.875241
2/4/24,05:47:38,2.946334,101.875242
2/4/24,05:47:39,2.946334,101.875242
2/4/24,05:47:40,2.946335,101.875243
2/4/24,05:47:41,2.946335,101.875244
2/4/24,05:47:42,2.946336,101.875246
2/4/24,05:47:43,2.946336,101.875246
2/4/24,05:47:44,2.946337,101.875247
2/4/24,05:47:45,2.946338,101.875248
2/4/24,05:47:46,2.946338,101.875249
2/4/24,05:47:47,2.946338,101.87525
2/4/24,05:47:48,2.946338,101.87525
2/4/24,05:47:49,2.946338,101.875251
2/4/24,05:47:50,2.946338,101.875251
2/4/24,05:47:51,2.946338,101.875252
2/4/24,05:47:52,2.946337,101.875252
2/4/24,05:47:53,2.946337,101.875252
2/4/24,05:47:54,2.946336,101.875251
2/4/24,05:47:55,2.946336,101.875251
2/4/24,05:47:56,2.946335,101.875251
2/4/24,05:47:57,2.946334,101.875251
2/4/24,05:47:58,2.946334,101.875251
2/4/24,05:47:59,2.946334,101.87525
2/4/24,05:48:00,2.946333,101.87525
2/4/24,05:48:01,2.946334,101.87525
2/4/24,05:48:02,2.946334,101.87525
2/4/24,05:48:03,2.946334,101.87525
2/4/24,05:48:04,2.946334,101.87525
2/4/24,05:48:05,2.946334,101.87525
2/4/24,05:48:06,2.946334,101.87525
2/4/24,05:48:07,2.946334,101.875249
2/4/24,05:48:08,2.946333,101.875249
2/4/24,05:48:09,2.946333,101.875249
2/4/24,05:48:10,2.946333,101.875249
2/4/24,05:48:11,2.946333,101.875249
2/4/24,05:48:12,2.946332,101.875248
2/4/24,05:48:13,2.946332,101.875248
2/4/24,05:48:14,2.946332,101.875248
2/4/24,05:48:15,2.946331,101.875248
2/4/24,05:48:16,2.94633,101.875248
2/4/24,05:48:17,2.946329,101.875248
2/4/24,05:48:18,2.946328,101.875248
2/4/24,05:48:19,2.946327,101.875248
2/4/24,05:48:20,2.946327,101.875249
2/4/24,05:48:21,2.946327,101.875249
2/4/24,05:48:22,2.946326,101.875249
2/4/24,05:48:23,2.946326,101.87525
2/4/24,05:48:24,2.946326,101.87525
2/4/24,05:48:25,2.946325,101.875251
2/4/24,05:48:26,2.946326,101.875251
2/4/24,05:48:27,2.946326,101.875251
2/4/24,05:48:28,2.946326,101.875252
2/4/24,05:48:29,2.946326,101.875252
2/4/24,05:48:30,2.946326,101.875253
2/4/24,05:48:31,2.946327,101.875253
2/4/24,05:48:32,2.946327,101.875253
2/4/24,05:48:33,2.946327,101.875254
2/4/24,05:48:34,2.946327,101.875254
2/4/24,05:48:35,2.946328,101.875254
2/4/24,05:48:36,2.946327,101.875254
2/4/24,05:48:37,2.946327,101.875255
2/4/24,05:48:38,2.946327,101.875255
2/4/24,05:48:39,2.946327,101.875256
2/4/24,05:48:40,2.946327,101.875256
2/4/24,05:48:41,2.946327,101.875256
2/4/24,05:48:42,2.946327,101.875257
2/4/24,05:48:43,2.946327,101.875258
2/4/24,05:48:44,2.946327,101.875258
2/4/24,05:48:45,2.946327,101.875259
2/4/24,05:48:46,2.946327,101.875259
2/4/24,05:48:47,2.946327,101.875259
2/4/24,05:48:48,2.946327,101.875259
2/4/24,05:48:49,2.946327,101.875259
2/4/24,05:48:50,2.946327,101.87526
2/4/24,05:48:51,2.946327,101.87526
2/4/24,05:48:52,2.946327,101.87526
2/4/24,05:48:53,2.946327,101.875259
2/4/24,05:48:54,2.946327,101.875259
2/4/24,05:48:55,2.946327,101.875259
2/4/24,05:48:56,2.946327,101.875259
2/4/24,05:48:57,2.946327,101.87526
2/4/24,05:48:58,2.946327,101.87526
2/4/24,05:48:59,2.946327,101.87526
2/4/24,05:49:00,2.946327,101.875259
2/4/24,05:49:01,2.946327,101.87526
2/4/24,05:49:02,2.946328,101.875259
2/4/24,05:49:03,2.946327,101.875258
2/4/24,05:49:04,2.946326,101.875257
2/4/24,05:49:05,2.946326,101.875258
2/4/24,05:49:06,2.946326,101.875258
2/4/24,05:49:07,2.946326,101.875258
2/4/24,05:49:08,2.946326,101.875258
2/4/24,05:49:09,2.946326,101.875258
2/4/24,05:49:10,2.946326,101.875258
2/4/24,05:49:11,2.946326,101.875259
2/4/24,05:49:12,2.946326,101.875259
2/4/24,05:49:13,2.946325,101.875259
