1.402091742,26/4/2024,8:54:01,2.943772,101.87778,0,2.943588,101.877838,162.5259234,166,3.474076639,41.401,41.4285
1.496826649,26/4/2024,8:54:01,2.943772,101.87778,0,2.943588,101.877838,162.5259234,167,4.474076639,23.582,40.214
1.553783894,26/4/2024,8:54:01,2.943772,101.87778,0,2.943588,101.877838,162.5259234,167,4.474076639,23.582,40.214
1.600331306,26/4/2024,8:54:01,2.943772,101.87778,0,2.943588,101.877838,162.5259234,166,3.474076639,41.401,41.4285
1.690339088,26/4/2024,8:54:01,2.943772,101.87778,0,2.943588,101.877838,162.5259234,165,2.474076639,41.401,41.4285
1.757003784,26/4/2024,8:54:01,2.943772,101.87778,0,2.943588,101.877838,162.5259234,166,3.474076639,41.401,41.4285
1.818083048,26/4/2024,8:54:01,2.943772,101.87778,0,2.943588,101.877838,162.5259234,166,3.474076639,41.401,41.4285
1.886618376,26/4/2024,8:54:01,2.943772,101.87778,0,2.943588,101.877838,162.5259234,165,2.474076639,41.401,41.4285
1.952681303,26/4/2024,8:54:01,2.943772,101.87778,0,2.943588,101.877838,162.5259234,165,2.474076639,41.401,41.4285
2.023389101,26/4/2024,8:54:01,2.943772,101.87778,0,2.943588,101.877838,162.5259234,166,3.474076639,41.401,41.4285
2.059639215,26/4/2024,8:54:01,2.943772,101.87778,0,2.943588,101.877838,162.5259234,166,3.474076639,41.401,41.4285
2.104636192,26/4/2024,8:54:01,2.943772,101.87778,0,2.943588,101.877838,162.5259234,165,2.474076639,41.401,41.4285
2.368753672,26/4/2024,8:54:02,2.943772,101.877781,0,2.943588,101.877838,162.8093015,165,2.190698547,41.401,41.4285
2.407494783,26/4/2024,8:54:02,2.943772,101.877781,0,2.943588,101.877838,162.8093015,165,2.190698547,41.401,41.4285
2.492541075,26/4/2024,8:54:02,2.943772,101.877781,0,2.943588,101.877838,162.8093015,165,2.190698547,41.401,41.4285
2.557077169,26/4/2024,8:54:02,2.943772,101.877781,0,2.943588,101.877838,162.8093015,164,1.190698547,41.401,41.4285
2.608798027,26/4/2024,8:54:02,2.943772,101.877781,0,2.943588,101.877838,162.8093015,164,1.190698547,41.401,41.4285
2.688430309,26/4/2024,8:54:02,2.943772,101.877781,0,2.943588,101.877838,162.8093015,164,1.190698547,41.401,41.4285
2.752874374,26/4/2024,8:54:02,2.943772,101.877781,0,2.943588,101.877838,162.8093015,164,1.190698547,41.401,41.4285
2.82040906,26/4/2024,8:54:02,2.943772,101.877781,0,2.943588,101.877838,162.8093015,164,1.190698547,41.401,41.4285
2.886454105,26/4/2024,8:54:02,2.943772,101.877781,0,2.943588,101.877838,162.8093015,164,1.190698547,41.401,41.4285
2.95767808,26/4/2024,8:54:02,2.943772,101.877781,0,2.943588,101.877838,162.8093015,164,1.190698547,41.401,41.4285
3.024273634,26/4/2024,8:54:02,2.943772,101.877781,0,2.943588,101.877838,162.8093015,164,1.190698547,41.401,41.4285
3.052289009,26/4/2024,8:54:02,2.943772,101.877781,0,2.943588,101.877838,162.8093015,163,0.190698547,41.401,41.4285
3.110660315,26/4/2024,8:54:02,2.943772,101.877781,0,2.943588,101.877838,162.8093015,164,1.190698547,41.401,41.4285
3.17274642,26/4/2024,8:54:02,2.943772,101.877781,0,2.943588,101.877838,162.8093015,163,0.190698547,41.401,41.4285
3.364240408,26/4/2024,8:54:03,2.94377,101.877782,0,2.943588,101.877838,162.9185252,164,1.081474843,41.401,41.4285
3.418355942,26/4/2024,8:54:03,2.94377,101.877782,0,2.943588,101.877838,162.9185252,164,1.081474843,41.401,41.4285
3.483606339,26/4/2024,8:54:03,2.94377,101.877782,0,2.943588,101.877838,162.9185252,163,0.081474843,41.401,41.4285
3.564838886,26/4/2024,8:54:03,2.94377,101.877782,0,2.943588,101.877838,162.9185252,164,1.081474843,41.401,41.4285
3.616889715,26/4/2024,8:54:03,2.94377,101.877782,0,2.943588,101.877838,162.9185252,163,0.081474843,41.401,41.4285
3.685665131,26/4/2024,8:54:03,2.94377,101.877782,0,2.943588,101.877838,162.9185252,163,0.081474843,41.401,41.4285
3.768131733,26/4/2024,8:54:03,2.94377,101.877782,0,2.943588,101.877838,162.9185252,164,1.081474843,41.401,41.4285
3.829740047,26/4/2024,8:54:03,2.94377,101.877782,0,2.943588,101.877838,162.9185252,164,1.081474843,41.401,41.4285
3.883257151,26/4/2024,8:54:03,2.94377,101.877782,0,2.943588,101.877838,162.9185252,164,1.081474843,41.401,41.4285
3.951105833,26/4/2024,8:54:03,2.94377,101.877782,0,2.943588,101.877838,162.9185252,164,1.081474843,41.401,41.4285
4.031689882,26/4/2024,8:54:03,2.94377,101.877782,0,2.943588,101.877838,162.9185252,164,1.081474843,41.401,41.4285
4.057905197,26/4/2024,8:54:03,2.94377,101.877782,0,2.943588,101.877838,162.9185252,164,1.081474843,41.401,41.4285
4.109106779,26/4/2024,8:54:03,2.94377,101.877782,0,2.943588,101.877838,162.9185252,164,1.081474843,41.401,41.4285
4.364252329,26/4/2024,8:54:04,2.943767,101.877784,0,2.943588,101.877838,163.2336072,165,1.766392767,41.401,41.4285
4.429672718,26/4/2024,8:54:04,2.943767,101.877784,0,2.943588,101.877838,163.2336072,165,1.766392767,41.401,41.4285
4.506386042,26/4/2024,8:54:04,2.943767,101.877784,0,2.943588,101.877838,163.2336072,165,1.766392767,41.401,41.4285
4.565692425,26/4/2024,8:54:04,2.943767,101.877784,0,2.943588,101.877838,163.2336072,165,1.766392767,41.401,41.4285
4.622603655,26/4/2024,8:54:04,2.943767,101.877784,0,2.943588,101.877838,163.2336072,166,2.766392767,41.401,41.4285
4.685683489,26/4/2024,8:54:04,2.943767,101.877784,0,2.943588,101.877838,163.2336072,165,1.766392767,41.401,41.4285
4.77556777,26/4/2024,8:54:04,2.943767,101.877784,0,2.943588,101.877838,163.2336072,165,1.766392767,41.401,41.4285
4.839583874,26/4/2024,8:54:04,2.943767,101.877784,0,2.943588,101.877838,163.2336072,165,1.766392767,41.401,41.4285
4.896958113,26/4/2024,8:54:04,2.943767,101.877784,0,2.943588,101.877838,163.2336072,166,2.766392767,41.401,41.4285
4.980932713,26/4/2024,8:54:04,2.943767,101.877784,0,2.943588,101.877838,163.2336072,165,1.766392767,41.401,41.4285
5.042180538,26/4/2024,8:54:04,2.943767,101.877784,0,2.943588,101.877838,163.2336072,165,1.766392767,41.401,41.4285
5.072509766,26/4/2024,8:54:04,2.943767,101.877784,0,2.943588,101.877838,163.2336072,165,1.766392767,41.401,41.4285
5.121739626,26/4/2024,8:54:04,2.943767,101.877784,0,2.943588,101.877838,163.2336072,164,0.766392767,41.401,41.4285
5.177850723,26/4/2024,8:54:04,2.943767,101.877784,0,2.943588,101.877838,163.2336072,165,1.766392767,41.401,41.4285
5.372050047,26/4/2024,8:54:05,2.943765,101.877785,0,2.943588,101.877838,163.3512368,165,1.648763199,41.401,41.4285
5.426409006,26/4/2024,8:54:05,2.943765,101.877785,0,2.943588,101.877838,163.3512368,166,2.648763199,41.401,41.4285
5.504478693,26/4/2024,8:54:05,2.943765,101.877785,0,2.943588,101.877838,163.3512368,166,2.648763199,41.401,41.4285
5.569872618,26/4/2024,8:54:05,2.943765,101.877785,0,2.943588,101.877838,163.3512368,165,1.648763199,41.401,41.4285
5.629453182,26/4/2024,8:54:05,2.943765,101.877785,0,2.943588,101.877838,163.3512368,166,2.648763199,41.401,41.4285
5.688115835,26/4/2024,8:54:05,2.943765,101.877785,0,2.943588,101.877838,163.3512368,166,2.648763199,41.401,41.4285
5.775470257,26/4/2024,8:54:05,2.943765,101.877785,0,2.943588,101.877838,163.3512368,165,1.648763199,41.401,41.4285
5.838768959,26/4/2024,8:54:05,2.943765,101.877785,0,2.943588,101.877838,163.3512368,165,1.648763199,41.401,41.4285
5.889227152,26/4/2024,8:54:05,2.943765,101.877785,0,2.943588,101.877838,163.3512368,165,1.648763199,41.401,41.4285
5.970290899,26/4/2024,8:54:05,2.943765,101.877785,0,2.943588,101.877838,163.3512368,165,1.648763199,41.401,41.4285
6.036342859,26/4/2024,8:54:05,2.943765,101.877785,0,2.943588,101.877838,163.3512368,165,1.648763199,41.401,41.4285
6.073488235,26/4/2024,8:54:05,2.943765,101.877785,0,2.943588,101.877838,163.3512368,165,1.648763199,41.401,41.4285
6.115395308,26/4/2024,8:54:05,2.943765,101.877785,0,2.943588,101.877838,163.3512368,165,1.648763199,41.401,41.4285
6.370419025,26/4/2024,8:54:06,2.943762,101.877787,0,2.943588,101.877838,163.6843666,165,1.315633407,41.401,41.4285
6.424194098,26/4/2024,8:54:06,2.943762,101.877787,0,2.943588,101.877838,163.6843666,164,0.315633407,41.401,41.4285
6.508276224,26/4/2024,8:54:06,2.943762,101.877787,0,2.943588,101.877838,163.6843666,165,1.315633407,41.401,41.4285
6.570211411,26/4/2024,8:54:06,2.943762,101.877787,0,2.943588,101.877838,163.6843666,165,1.315633407,41.401,41.4285
6.622738361,26/4/2024,8:54:06,2.943762,101.877787,0,2.943588,101.877838,163.6843666,166,2.315633407,41.401,41.4285
6.691322803,26/4/2024,8:54:06,2.943762,101.877787,0,2.943588,101.877838,163.6843666,165,1.315633407,41.401,41.4285
6.783000231,26/4/2024,8:54:06,2.943762,101.877787,0,2.943588,101.877838,163.6843666,166,2.315633407,41.401,41.4285
6.843430519,26/4/2024,8:54:06,2.943762,101.877787,0,2.943588,101.877838,163.6843666,166,2.315633407,41.401,41.4285
6.889439344,26/4/2024,8:54:06,2.943762,101.877787,0,2.943588,101.877838,163.6843666,166,2.315633407,41.401,41.4285
6.971338987,26/4/2024,8:54:06,2.943762,101.877787,0,2.943588,101.877838,163.6843666,165,1.315633407,41.401,41.4285
7.040495396,26/4/2024,8:54:06,2.943762,101.877787,0,2.943588,101.877838,163.6843666,166,2.315633407,41.401,41.4285
7.077159643,26/4/2024,8:54:06,2.943762,101.877787,0,2.943588,101.877838,163.6843666,166,2.315633407,41.401,41.4285
7.12736702,26/4/2024,8:54:06,2.943762,101.877787,0,2.943588,101.877838,163.6843666,166,2.315633407,41.401,41.4285
7.198836327,26/4/2024,8:54:06,2.943762,101.877787,0,2.943588,101.877838,163.6843666,166,2.315633407,41.401,41.4285
7.367326736,26/4/2024,8:54:07,2.943759,101.877788,0,2.943588,101.877838,163.7215717,166,2.278428349,41.401,41.4285
7.42480731,26/4/2024,8:54:07,2.943759,101.877788,0,2.943588,101.877838,163.7215717,166,2.278428349,41.401,41.4285
7.508363008,26/4/2024,8:54:07,2.943759,101.877788,0,2.943588,101.877838,163.7215717,166,2.278428349,41.401,41.4285
7.566109657,26/4/2024,8:54:07,2.943759,101.877788,0,2.943588,101.877838,163.7215717,167,3.278428349,41.401,41.4285
7.616512537,26/4/2024,8:54:07,2.943759,101.877788,0,2.943588,101.877838,163.7215717,166,2.278428349,41.401,41.4285
7.682828665,26/4/2024,8:54:07,2.943759,101.877788,0,2.943588,101.877838,163.7215717,165,1.278428349,41.401,41.4285
7.763617754,26/4/2024,8:54:07,2.943759,101.877788,0,2.943588,101.877838,163.7215717,166,2.278428349,41.401,41.4285
7.831136942,26/4/2024,8:54:07,2.943759,101.877788,0,2.943588,101.877838,163.7215717,165,1.278428349,41.401,41.4285
7.891516447,26/4/2024,8:54:07,2.943759,101.877788,0,2.943588,101.877838,163.7215717,165,1.278428349,41.401,41.4285
7.972011805,26/4/2024,8:54:07,2.943759,101.877788,0,2.943588,101.877838,163.7215717,166,2.278428349,41.401,41.4285
8.039770365,26/4/2024,8:54:07,2.943759,101.877788,0,2.943588,101.877838,163.7215717,166,2.278428349,41.401,41.4285
8.075446129,26/4/2024,8:54:07,2.943759,101.877788,0,2.943588,101.877838,163.7215717,166,2.278428349,41.401,41.4285
8.112760544,26/4/2024,8:54:07,2.943759,101.877788,0,2.943588,101.877838,163.7215717,166,2.278428349,41.401,41.4285
8.369468212,26/4/2024,8:54:08,2.943755,101.877789,0,2.943588,101.877838,163.668044,166,2.331956005,41.401,41.4285
8.426513195,26/4/2024,8:54:08,2.943755,101.877789,0,2.943588,101.877838,163.668044,166,2.331956005,41.401,41.4285
8.50314188,26/4/2024,8:54:08,2.943755,101.877789,0,2.943588,101.877838,163.668044,165,1.331956005,41.401,41.4285
8.579852104,26/4/2024,8:54:08,2.943755,101.877789,0,2.943588,101.877838,163.668044,166,2.331956005,41.401,41.4285
8.629263639,26/4/2024,8:54:08,2.943755,101.877789,0,2.943588,101.877838,163.668044,166,2.331956005,41.401,41.4285
8.691293478,26/4/2024,8:54:08,2.943755,101.877789,0,2.943588,101.877838,163.668044,166,2.331956005,41.401,41.4285
8.76644969,26/4/2024,8:54:08,2.943755,101.877789,0,2.943588,101.877838,163.668044,166,2.331956005,41.401,41.4285
8.837538481,26/4/2024,8:54:08,2.943755,101.877789,0,2.943588,101.877838,163.668044,166,2.331956005,41.401,41.4285
8.884719133,26/4/2024,8:54:08,2.943755,101.877789,0,2.943588,101.877838,163.668044,166,2.331956005,41.401,41.4285
8.970761061,26/4/2024,8:54:08,2.943755,101.877789,0,2.943588,101.877838,163.668044,166,2.331956005,41.401,41.4285
9.036161184,26/4/2024,8:54:08,2.943755,101.877789,0,2.943588,101.877838,163.668044,166,2.331956005,41.401,41.4285
9.067991734,26/4/2024,8:54:08,2.943755,101.877789,0,2.943588,101.877838,163.668044,165,1.331956005,41.401,41.4285
9.122841597,26/4/2024,8:54:08,2.943755,101.877789,0,2.943588,101.877838,163.668044,167,3.331956005,41.401,41.4285
9.192764282,26/4/2024,8:54:08,2.943755,101.877789,0,2.943588,101.877838,163.668044,166,2.331956005,41.401,41.4285
9.371837139,26/4/2024,8:54:09,2.943752,101.87779,0,2.943588,101.877838,163.7065322,167,3.293467752,41.401,41.4285
9.440572262,26/4/2024,8:54:09,2.943752,101.87779,0,2.943588,101.877838,163.7065322,166,2.293467752,41.401,41.4285
9.513903618,26/4/2024,8:54:09,2.943752,101.87779,0,2.943588,101.877838,163.7065322,166,2.293467752,41.401,41.4285
9.572765112,26/4/2024,8:54:09,2.943752,101.87779,0,2.943588,101.877838,163.7065322,167,3.293467752,41.401,41.4285
9.622535944,26/4/2024,8:54:09,2.943752,101.87779,0,2.943588,101.877838,163.7065322,166,2.293467752,41.401,41.4285
9.690506458,26/4/2024,8:54:09,2.943752,101.87779,0,2.943588,101.877838,163.7065322,166,2.293467752,41.401,41.4285
9.76970315,26/4/2024,8:54:09,2.943752,101.87779,0,2.943588,101.877838,163.7065322,167,3.293467752,41.401,41.4285
9.841916323,26/4/2024,8:54:09,2.943752,101.87779,0,2.943588,101.877838,163.7065322,166,2.293467752,41.401,41.4285
9.902674913,26/4/2024,8:54:09,2.943752,101.87779,0,2.943588,101.877838,163.7065322,166,2.293467752,41.401,41.4285
9.984128237,26/4/2024,8:54:09,2.943752,101.87779,0,2.943588,101.877838,163.7065322,166,2.293467752,41.401,41.4285
10.04430103,26/4/2024,8:54:09,2.943752,101.87779,0,2.943588,101.877838,163.7065322,166,2.293467752,41.401,41.4285
10.07722259,26/4/2024,8:54:09,2.943752,101.87779,0,2.943588,101.877838,163.7065322,166,2.293467752,41.401,41.4285
10.11127496,26/4/2024,8:54:09,2.943752,101.87779,0,2.943588,101.877838,163.7065322,166,2.293467752,41.401,41.4285
10.36946559,26/4/2024,8:54:10,2.943749,101.877792,0,2.943588,101.877838,164.0745774,166,1.925422561,41.401,41.4285
10.42490554,26/4/2024,8:54:10,2.943749,101.877792,0,2.943588,101.877838,164.0745774,166,1.925422561,41.401,41.4285
10.50846314,26/4/2024,8:54:10,2.943749,101.877792,0,2.943588,101.877838,164.0745774,165,0.925422561,41.401,41.4285
10.57352448,26/4/2024,8:54:10,2.943749,101.877792,0,2.943588,101.877838,164.0745774,165,0.925422561,41.401,41.4285
10.6212337,26/4/2024,8:54:10,2.943749,101.877792,0,2.943588,101.877838,164.0745774,165,0.925422561,41.401,41.4285
10.68621016,26/4/2024,8:54:10,2.943749,101.877792,0,2.943588,101.877838,164.0745774,166,1.925422561,41.401,41.4285
10.77291441,26/4/2024,8:54:10,2.943749,101.877792,0,2.943588,101.877838,164.0745774,166,1.925422561,41.401,41.4285
10.8499465,26/4/2024,8:54:10,2.943749,101.877792,0,2.943588,101.877838,164.0745774,165,0.925422561,41.401,41.4285
10.88873148,26/4/2024,8:54:10,2.943749,101.877792,0,2.943588,101.877838,164.0745774,166,1.925422561,41.401,41.4285
10.97334743,26/4/2024,8:54:10,2.943749,101.877792,0,2.943588,101.877838,164.0745774,165,0.925422561,41.401,41.4285
11.04181623,26/4/2024,8:54:10,2.943749,101.877792,0,2.943588,101.877838,164.0745774,166,1.925422561,41.401,41.4285
11.07578731,26/4/2024,8:54:10,2.943749,101.877792,0,2.943588,101.877838,164.0745774,165,0.925422561,41.401,41.4285
11.1310997,26/4/2024,8:54:10,2.943749,101.877792,0,2.943588,101.877838,164.0745774,166,1.925422561,41.401,41.4285
11.18953443,26/4/2024,8:54:10,2.943749,101.877792,0,2.943588,101.877838,164.0745774,164,-0.074577439,41.842,41.842
11.36927056,26/4/2024,8:54:11,2.943745,101.877792,0,2.943588,101.877838,163.6901544,165,1.309845617,41.401,41.4285
11.42527771,26/4/2024,8:54:11,2.943745,101.877792,0,2.943588,101.877838,163.6901544,165,1.309845617,41.401,41.4285
11.50888133,26/4/2024,8:54:11,2.943745,101.877792,0,2.943588,101.877838,163.6901544,164,0.309845617,41.401,41.4285
11.57900453,26/4/2024,8:54:11,2.943745,101.877792,0,2.943588,101.877838,163.6901544,165,1.309845617,41.401,41.4285
11.62503171,26/4/2024,8:54:11,2.943745,101.877792,0,2.943588,101.877838,163.6901544,165,1.309845617,41.401,41.4285
11.69157147,26/4/2024,8:54:11,2.943745,101.877792,0,2.943588,101.877838,163.6901544,165,1.309845617,41.401,41.4285
11.77552962,26/4/2024,8:54:11,2.943745,101.877792,0,2.943588,101.877838,163.6901544,165,1.309845617,41.401,41.4285
11.84156775,26/4/2024,8:54:11,2.943745,101.877792,0,2.943588,101.877838,163.6901544,165,1.309845617,41.401,41.4285
11.88781428,26/4/2024,8:54:11,2.943745,101.877792,0,2.943588,101.877838,163.6901544,165,1.309845617,41.401,41.4285
11.97245288,26/4/2024,8:54:11,2.943745,101.877792,0,2.943588,101.877838,163.6901544,164,0.309845617,41.401,41.4285
12.04347587,26/4/2024,8:54:11,2.943745,101.877792,0,2.943588,101.877838,163.6901544,165,1.309845617,41.401,41.4285
12.07197547,26/4/2024,8:54:11,2.943745,101.877792,0,2.943588,101.877838,163.6901544,165,1.309845617,41.401,41.4285
12.12394214,26/4/2024,8:54:11,2.943745,101.877792,0,2.943588,101.877838,163.6901544,165,1.309845617,41.401,41.4285
12.37671328,26/4/2024,8:54:12,2.943742,101.877793,0,2.943588,101.877838,163.7315826,164,0.268417388,41.401,41.4285
12.44106698,26/4/2024,8:54:12,2.943742,101.877793,0,2.943588,101.877838,163.7315826,165,1.268417388,41.401,41.4285
12.52023602,26/4/2024,8:54:12,2.943742,101.877793,0,2.943588,101.877838,163.7315826,164,0.268417388,41.401,41.4285
12.58187032,26/4/2024,8:54:12,2.943742,101.877793,0,2.943588,101.877838,163.7315826,164,0.268417388,41.401,41.4285
12.63033724,26/4/2024,8:54:12,2.943742,101.877793,0,2.943588,101.877838,163.7315826,164,0.268417388,41.401,41.4285
12.69446588,26/4/2024,8:54:12,2.943742,101.877793,0,2.943588,101.877838,163.7315826,165,1.268417388,41.401,41.4285
12.7762332,26/4/2024,8:54:12,2.943742,101.877793,0,2.943588,101.877838,163.7315826,165,1.268417388,41.401,41.4285
12.84614563,26/4/2024,8:54:12,2.943742,101.877793,0,2.943588,101.877838,163.7315826,164,0.268417388,41.401,41.4285
12.90023112,26/4/2024,8:54:12,2.943742,101.877793,0,2.943588,101.877838,163.7315826,165,1.268417388,41.401,41.4285
12.97511578,26/4/2024,8:54:12,2.943742,101.877793,0,2.943588,101.877838,163.7315826,165,1.268417388,41.401,41.4285
13.044415,26/4/2024,8:54:12,2.943742,101.877793,0,2.943588,101.877838,163.7315826,165,1.268417388,41.401,41.4285
13.07577515,26/4/2024,8:54:12,2.943742,101.877793,0,2.943588,101.877838,163.7315826,165,1.268417388,41.401,41.4285
13.12505341,26/4/2024,8:54:12,2.943742,101.877793,0,2.943588,101.877838,163.7315826,165,1.268417388,41.401,41.4285
13.18854666,26/4/2024,8:54:12,2.943742,101.877793,0,2.943588,101.877838,163.7315826,165,1.268417388,41.401,41.4285
13.37009096,26/4/2024,8:54:13,2.943739,101.877794,0,2.943588,101.877838,163.7746755,164,0.225324459,41.401,41.4285
13.42496181,26/4/2024,8:54:13,2.943739,101.877794,0,2.943588,101.877838,163.7746755,165,1.225324459,41.401,41.4285
13.51157832,26/4/2024,8:54:13,2.943739,101.877794,0,2.943588,101.877838,163.7746755,164,0.225324459,41.401,41.4285
13.5777483,26/4/2024,8:54:13,2.943739,101.877794,0,2.943588,101.877838,163.7746755,165,1.225324459,41.401,41.4285
13.62628007,26/4/2024,8:54:13,2.943739,101.877794,0,2.943588,101.877838,163.7746755,164,0.225324459,41.401,41.4285
13.68851924,26/4/2024,8:54:13,2.943739,101.877794,0,2.943588,101.877838,163.7746755,164,0.225324459,41.401,41.4285
13.77218843,26/4/2024,8:54:13,2.943739,101.877794,0,2.943588,101.877838,163.7746755,165,1.225324459,41.401,41.4285
13.84322381,26/4/2024,8:54:13,2.943739,101.877794,0,2.943588,101.877838,163.7746755,165,1.225324459,41.401,41.4285
13.88956642,26/4/2024,8:54:13,2.943739,101.877794,0,2.943588,101.877838,163.7746755,164,0.225324459,41.401,41.4285
13.97205687,26/4/2024,8:54:13,2.943739,101.877794,0,2.943588,101.877838,163.7746755,165,1.225324459,41.401,41.4285
14.04700685,26/4/2024,8:54:13,2.943739,101.877794,0,2.943588,101.877838,163.7746755,165,1.225324459,41.401,41.4285
14.07221723,26/4/2024,8:54:13,2.943739,101.877794,0,2.943588,101.877838,163.7746755,165,1.225324459,41.401,41.4285
14.1179502,26/4/2024,8:54:13,2.943739,101.877794,0,2.943588,101.877838,163.7746755,164,0.225324459,41.401,41.4285
14.36783981,26/4/2024,8:54:14,2.943735,101.877795,0,2.943588,101.877838,163.7152791,165,1.284720925,41.401,41.4285
14.42607236,26/4/2024,8:54:14,2.943735,101.877795,0,2.943588,101.877838,163.7152791,164,0.284720925,41.401,41.4285
14.50673079,26/4/2024,8:54:14,2.943735,101.877795,0,2.943588,101.877838,163.7152791,165,1.284720925,41.401,41.4285
14.57291961,26/4/2024,8:54:14,2.943735,101.877795,0,2.943588,101.877838,163.7152791,165,1.284720925,41.401,41.4285
14.62118363,26/4/2024,8:54:14,2.943735,101.877795,0,2.943588,101.877838,163.7152791,165,1.284720925,41.401,41.4285
14.69031954,26/4/2024,8:54:14,2.943735,101.877795,0,2.943588,101.877838,163.7152791,164,0.284720925,41.401,41.4285
14.77466702,26/4/2024,8:54:14,2.943735,101.877795,0,2.943588,101.877838,163.7152791,165,1.284720925,41.401,41.4285
14.83976078,26/4/2024,8:54:14,2.943735,101.877795,0,2.943588,101.877838,163.7152791,164,0.284720925,41.401,41.4285
14.8944366,26/4/2024,8:54:14,2.943735,101.877795,0,2.943588,101.877838,163.7152791,164,0.284720925,41.401,41.4285
14.96897769,26/4/2024,8:54:14,2.943735,101.877795,0,2.943588,101.877838,163.7152791,164,0.284720925,41.401,41.4285
15.03606248,26/4/2024,8:54:14,2.943735,101.877795,0,2.943588,101.877838,163.7152791,164,0.284720925,41.401,41.4285
15.07433772,26/4/2024,8:54:14,2.943735,101.877795,0,2.943588,101.877838,163.7152791,165,1.284720925,41.401,41.4285
15.1212635,26/4/2024,8:54:14,2.943735,101.877795,0,2.943588,101.877838,163.7152791,163,-0.715279075,41.842,41.842
15.19065905,26/4/2024,8:54:14,2.943735,101.877795,0,2.943588,101.877838,163.7152791,164,0.284720925,41.401,41.4285
15.36935043,26/4/2024,8:54:15,2.943731,101.877796,0,2.943588,101.877838,163.6525988,164,0.347401243,41.401,41.4285
15.42364478,26/4/2024,8:54:15,2.943731,101.877796,0,2.943588,101.877838,163.6525988,163,-0.652598757,41.842,41.842
15.50555444,26/4/2024,8:54:15,2.943731,101.877796,0,2.943588,101.877838,163.6525988,164,0.347401243,41.401,41.4285
15.5745976,26/4/2024,8:54:15,2.943731,101.877796,0,2.943588,101.877838,163.6525988,164,0.347401243,41.401,41.4285
15.62776542,26/4/2024,8:54:15,2.943731,101.877796,0,2.943588,101.877838,163.6525988,164,0.347401243,41.401,41.4285
15.68618679,26/4/2024,8:54:15,2.943731,101.877796,0,2.943588,101.877838,163.6525988,164,0.347401243,41.401,41.4285
15.77402616,26/4/2024,8:54:15,2.943731,101.877796,0,2.943588,101.877838,163.6525988,164,0.347401243,41.401,41.4285
15.8348527,26/4/2024,8:54:15,2.943731,101.877796,0,2.943588,101.877838,163.6525988,164,0.347401243,41.401,41.4285
15.88647056,26/4/2024,8:54:15,2.943731,101.877796,0,2.943588,101.877838,163.6525988,163,-0.652598757,41.842,41.842
15.96906281,26/4/2024,8:54:15,2.943731,101.877796,0,2.943588,101.877838,163.6525988,164,0.347401243,41.401,41.4285
16.03496957,26/4/2024,8:54:15,2.943731,101.877796,0,2.943588,101.877838,163.6525988,164,0.347401243,41.401,41.4285
16.06973052,26/4/2024,8:54:15,2.943731,101.877796,0,2.943588,101.877838,163.6525988,164,0.347401243,41.401,41.4285
16.1119585,26/4/2024,8:54:15,2.943731,101.877796,0,2.943588,101.877838,163.6525988,163,-0.652598757,41.842,41.842
16.36683393,26/4/2024,8:54:16,2.943727,101.877798,0,2.943588,101.877838,163.9658752,164,0.034124811,41.401,41.4285
16.42229748,26/4/2024,8:54:16,2.943727,101.877798,0,2.943588,101.877838,163.9658752,164,0.034124811,41.401,41.4285
16.50648999,26/4/2024,8:54:16,2.943727,101.877798,0,2.943588,101.877838,163.9658752,163,-0.965875189,41.842,41.842
16.57616138,26/4/2024,8:54:16,2.943727,101.877798,0,2.943588,101.877838,163.9658752,164,0.034124811,41.401,41.4285
16.61715508,26/4/2024,8:54:16,2.943727,101.877798,0,2.943588,101.877838,163.9658752,164,0.034124811,41.401,41.4285
16.68934512,26/4/2024,8:54:16,2.943727,101.877798,0,2.943588,101.877838,163.9658752,165,1.034124811,41.401,41.4285
16.76710987,26/4/2024,8:54:16,2.943727,101.877798,0,2.943588,101.877838,163.9658752,164,0.034124811,41.401,41.4285
16.83624053,26/4/2024,8:54:16,2.943727,101.877798,0,2.943588,101.877838,163.9658752,165,1.034124811,41.401,41.4285
16.88913393,26/4/2024,8:54:16,2.943727,101.877798,0,2.943588,101.877838,163.9658752,164,0.034124811,41.401,41.4285
16.97159529,26/4/2024,8:54:16,2.943727,101.877798,0,2.943588,101.877838,163.9658752,164,0.034124811,41.401,41.4285
17.03992295,26/4/2024,8:54:16,2.943727,101.877798,0,2.943588,101.877838,163.9658752,165,1.034124811,41.401,41.4285
17.07452488,26/4/2024,8:54:16,2.943727,101.877798,0,2.943588,101.877838,163.9658752,165,1.034124811,41.401,41.4285
17.12425137,26/4/2024,8:54:16,2.943727,101.877798,0,2.943588,101.877838,163.9658752,164,0.034124811,41.401,41.4285
17.18941283,26/4/2024,8:54:16,2.943727,101.877798,0,2.943588,101.877838,163.9658752,165,1.034124811,41.401,41.4285
17.36544847,26/4/2024,8:54:17,2.943723,101.8778,0,2.943588,101.877838,164.298793,165,0.701206994,41.401,41.4285
17.42570519,26/4/2024,8:54:17,2.943723,101.8778,0,2.943588,101.877838,164.298793,165,0.701206994,41.401,41.4285
17.50700474,26/4/2024,8:54:17,2.943723,101.8778,0,2.943588,101.877838,164.298793,165,0.701206994,41.401,41.4285
17.57558155,26/4/2024,8:54:17,2.943723,101.8778,0,2.943588,101.877838,164.298793,165,0.701206994,41.401,41.4285
17.61615372,26/4/2024,8:54:17,2.943723,101.8778,0,2.943588,101.877838,164.298793,165,0.701206994,41.401,41.4285
17.68427038,26/4/2024,8:54:17,2.943723,101.8778,0,2.943588,101.877838,164.298793,165,0.701206994,41.401,41.4285
17.77015328,26/4/2024,8:54:17,2.943723,101.8778,0,2.943588,101.877838,164.298793,165,0.701206994,41.401,41.4285
17.83781266,26/4/2024,8:54:17,2.943723,101.8778,0,2.943588,101.877838,164.298793,166,1.701206994,41.401,41.4285
17.8862834,26/4/2024,8:54:17,2.943723,101.8778,0,2.943588,101.877838,164.298793,165,0.701206994,41.401,41.4285
17.96498156,26/4/2024,8:54:17,2.943723,101.8778,0,2.943588,101.877838,164.298793,166,1.701206994,41.401,41.4285
18.03293133,26/4/2024,8:54:17,2.943723,101.8778,0,2.943588,101.877838,164.298793,165,0.701206994,41.401,41.4285
18.06757021,26/4/2024,8:54:17,2.943723,101.8778,0,2.943588,101.877838,164.298793,165,0.701206994,41.401,41.4285
18.11729169,26/4/2024,8:54:17,2.943723,101.8778,0,2.943588,101.877838,164.298793,166,1.701206994,41.401,41.4285
18.36530662,26/4/2024,8:54:18,2.94372,101.877802,0,2.943588,101.877838,164.7640749,165,0.235925095,41.401,41.4285
18.42028809,26/4/2024,8:54:18,2.94372,101.877802,0,2.943588,101.877838,164.7640749,166,1.235925095,41.401,41.4285
18.50540686,26/4/2024,8:54:18,2.94372,101.877802,0,2.943588,101.877838,164.7640749,166,1.235925095,41.401,41.4285
18.57079077,26/4/2024,8:54:18,2.94372,101.877802,0,2.943588,101.877838,164.7640749,166,1.235925095,41.401,41.4285
18.62769675,26/4/2024,8:54:18,2.94372,101.877802,0,2.943588,101.877838,164.7640749,165,0.235925095,41.401,41.4285
18.68387556,26/4/2024,8:54:18,2.94372,101.877802,0,2.943588,101.877838,164.7640749,166,1.235925095,41.401,41.4285
18.77378154,26/4/2024,8:54:18,2.94372,101.877802,0,2.943588,101.877838,164.7640749,166,1.235925095,41.401,41.4285
18.83968568,26/4/2024,8:54:18,2.94372,101.877802,0,2.943588,101.877838,164.7640749,166,1.235925095,41.401,41.4285
18.88559079,26/4/2024,8:54:18,2.94372,101.877802,0,2.943588,101.877838,164.7640749,165,0.235925095,41.401,41.4285
18.97543907,26/4/2024,8:54:18,2.94372,101.877802,0,2.943588,101.877838,164.7640749,165,0.235925095,41.401,41.4285
19.03367734,26/4/2024,8:54:18,2.94372,101.877802,0,2.943588,101.877838,164.7640749,166,1.235925095,41.401,41.4285
19.06981492,26/4/2024,8:54:18,2.94372,101.877802,0,2.943588,101.877838,164.7640749,165,0.235925095,41.401,41.4285
19.12316132,26/4/2024,8:54:18,2.94372,101.877802,0,2.943588,101.877838,164.7640749,165,0.235925095,41.401,41.4285
19.18252516,26/4/2024,8:54:18,2.94372,101.877802,0,2.943588,101.877838,164.7640749,166,1.235925095,41.401,41.4285
19.36892533,26/4/2024,8:54:19,2.943716,101.877804,0,2.943588,101.877838,165.1430784,165,-0.143078398,41.842,41.842
19.43368435,26/4/2024,8:54:19,2.943716,101.877804,0,2.943588,101.877838,165.1430784,166,0.856921602,41.401,41.4285
19.51552701,26/4/2024,8:54:19,2.943716,101.877804,0,2.943588,101.877838,165.1430784,166,0.856921602,41.401,41.4285
19.58497572,26/4/2024,8:54:19,2.943716,101.877804,0,2.943588,101.877838,165.1430784,166,0.856921602,41.401,41.4285
19.62550712,26/4/2024,8:54:19,2.943716,101.877804,0,2.943588,101.877838,165.1430784,166,0.856921602,41.401,41.4285
19.69982743,26/4/2024,8:54:19,2.943716,101.877804,0,2.943588,101.877838,165.1430784,166,0.856921602,41.401,41.4285
19.78032279,26/4/2024,8:54:19,2.943716,101.877804,0,2.943588,101.877838,165.1430784,166,0.856921602,41.401,41.4285
19.84647417,26/4/2024,8:54:19,2.943716,101.877804,0,2.943588,101.877838,165.1430784,166,0.856921602,41.401,41.4285
19.88849545,26/4/2024,8:54:19,2.943716,101.877804,0,2.943588,101.877838,165.1430784,165,-0.143078398,41.842,41.842
19.97466135,26/4/2024,8:54:19,2.943716,101.877804,0,2.943588,101.877838,165.1430784,166,0.856921602,41.401,41.4285
20.03998351,26/4/2024,8:54:19,2.943716,101.877804,0,2.943588,101.877838,165.1430784,167,1.856921602,41.401,41.4285
20.07247734,26/4/2024,8:54:19,2.943716,101.877804,0,2.943588,101.877838,165.1430784,166,0.856921602,41.401,41.4285
20.1185987,26/4/2024,8:54:19,2.943716,101.877804,0,2.943588,101.877838,165.1430784,167,1.856921602,41.401,41.4285
20.36172175,26/4/2024,8:54:20,2.943712,101.877805,0,2.943588,101.877838,165.116137,166,0.883862996,41.401,41.4285
20.41926312,26/4/2024,8:54:20,2.943712,101.877805,0,2.943588,101.877838,165.116137,167,1.883862996,41.401,41.4285
20.49897432,26/4/2024,8:54:20,2.943712,101.877805,0,2.943588,101.877838,165.116137,166,0.883862996,41.401,41.4285
20.56697226,26/4/2024,8:54:20,2.943712,101.877805,0,2.943588,101.877838,165.116137,167,1.883862996,41.401,41.4285
20.6191895,26/4/2024,8:54:20,2.943712,101.877805,0,2.943588,101.877838,165.116137,167,1.883862996,41.401,41.4285
20.68155885,26/4/2024,8:54:20,2.943712,101.877805,0,2.943588,101.877838,165.116137,167,1.883862996,41.401,41.4285
20.76875782,26/4/2024,8:54:20,2.943712,101.877805,0,2.943588,101.877838,165.116137,167,1.883862996,41.401,41.4285
20.83335304,26/4/2024,8:54:20,2.943712,101.877805,0,2.943588,101.877838,165.116137,167,1.883862996,41.401,41.4285
20.88513589,26/4/2024,8:54:20,2.943712,101.877805,0,2.943588,101.877838,165.116137,166,0.883862996,41.401,41.4285
20.96349835,26/4/2024,8:54:20,2.943712,101.877805,0,2.943588,101.877838,165.116137,167,1.883862996,41.401,41.4285
21.02990699,26/4/2024,8:54:20,2.943712,101.877805,0,2.943588,101.877838,165.116137,166,0.883862996,41.401,41.4285
21.06349397,26/4/2024,8:54:20,2.943712,101.877805,0,2.943588,101.877838,165.116137,167,1.883862996,41.401,41.4285
21.11352873,26/4/2024,8:54:20,2.943712,101.877805,0,2.943588,101.877838,165.116137,166,0.883862996,41.401,41.4285
21.17988658,26/4/2024,8:54:20,2.943712,101.877805,0,2.943588,101.877838,165.116137,167,1.883862996,41.401,41.4285
21.36890745,26/4/2024,8:54:21,2.943708,101.877807,0,2.943588,101.877838,165.533577,167,1.466422993,41.401,41.4285
21.42311645,26/4/2024,8:54:21,2.943708,101.877807,0,2.943588,101.877838,165.533577,166,0.466422993,41.401,41.4285
21.51496387,26/4/2024,8:54:21,2.943708,101.877807,0,2.943588,101.877838,165.533577,167,1.466422993,41.401,41.4285
21.5812881,26/4/2024,8:54:21,2.943708,101.877807,0,2.943588,101.877838,165.533577,167,1.466422993,41.401,41.4285
21.61976886,26/4/2024,8:54:21,2.943708,101.877807,0,2.943588,101.877838,165.533577,167,1.466422993,41.401,41.4285
21.68687248,26/4/2024,8:54:21,2.943708,101.877807,0,2.943588,101.877838,165.533577,166,0.466422993,41.401,41.4285
21.76837683,26/4/2024,8:54:21,2.943708,101.877807,0,2.943588,101.877838,165.533577,166,0.466422993,41.401,41.4285
21.83705735,26/4/2024,8:54:21,2.943708,101.877807,0,2.943588,101.877838,165.533577,166,0.466422993,41.401,41.4285
21.89018488,26/4/2024,8:54:21,2.943708,101.877807,0,2.943588,101.877838,165.533577,167,1.466422993,41.401,41.4285
21.97472239,26/4/2024,8:54:21,2.943708,101.877807,0,2.943588,101.877838,165.533577,166,0.466422993,41.401,41.4285
22.04452276,26/4/2024,8:54:21,2.943708,101.877807,0,2.943588,101.877838,165.533577,167,1.466422993,41.401,41.4285
22.07097936,26/4/2024,8:54:21,2.943708,101.877807,0,2.943588,101.877838,165.533577,166,0.466422993,41.401,41.4285
22.12763381,26/4/2024,8:54:21,2.943708,101.877807,0,2.943588,101.877838,165.533577,166,0.466422993,41.401,41.4285
22.36508918,26/4/2024,8:54:22,2.943705,101.877808,0,2.943588,101.877838,165.6367965,166,0.363203508,41.401,41.4285
22.41758633,26/4/2024,8:54:22,2.943705,101.877808,0,2.943588,101.877838,165.6367965,166,0.363203508,41.401,41.4285
22.50783229,26/4/2024,8:54:22,2.943705,101.877808,0,2.943588,101.877838,165.6367965,166,0.363203508,41.401,41.4285
22.57077408,26/4/2024,8:54:22,2.943705,101.877808,0,2.943588,101.877838,165.6367965,165,-0.636796492,41.842,41.842
22.61508799,26/4/2024,8:54:22,2.943705,101.877808,0,2.943588,101.877838,165.6367965,166,0.363203508,41.401,41.4285
22.69175506,26/4/2024,8:54:22,2.943705,101.877808,0,2.943588,101.877838,165.6367965,165,-0.636796492,41.842,41.842
22.76964736,26/4/2024,8:54:22,2.943705,101.877808,0,2.943588,101.877838,165.6367965,166,0.363203508,41.401,41.4285
22.8393898,26/4/2024,8:54:22,2.943705,101.877808,0,2.943588,101.877838,165.6367965,166,0.363203508,41.401,41.4285
22.88240981,26/4/2024,8:54:22,2.943705,101.877808,0,2.943588,101.877838,165.6367965,166,0.363203508,41.401,41.4285
22.96982431,26/4/2024,8:54:22,2.943705,101.877808,0,2.943588,101.877838,165.6367965,165,-0.636796492,41.842,41.842
23.03626561,26/4/2024,8:54:22,2.943705,101.877808,0,2.943588,101.877838,165.6367965,165,-0.636796492,41.842,41.842
23.06356812,26/4/2024,8:54:22,2.943705,101.877808,0,2.943588,101.877838,165.6367965,165,-0.636796492,41.842,41.842
23.11967778,26/4/2024,8:54:22,2.943705,101.877808,0,2.943588,101.877838,165.6367965,165,-0.636796492,41.842,41.842
23.18044829,26/4/2024,8:54:22,2.943705,101.877808,0,2.943588,101.877838,165.6367965,165,-0.636796492,41.842,41.842
23.36583996,26/4/2024,8:54:23,2.943701,101.877809,0,2.943588,101.877838,165.6246122,165,-0.624612172,41.842,41.842
23.42407012,26/4/2024,8:54:23,2.943701,101.877809,0,2.943588,101.877838,165.6246122,164,-1.624612172,41.842,41.842
23.50525784,26/4/2024,8:54:23,2.943701,101.877809,0,2.943588,101.877838,165.6246122,165,-0.624612172,41.842,41.842
23.56858349,26/4/2024,8:54:23,2.943701,101.877809,0,2.943588,101.877838,165.6246122,165,-0.624612172,41.842,41.842
23.61769652,26/4/2024,8:54:23,2.943701,101.877809,0,2.943588,101.877838,165.6246122,165,-0.624612172,41.842,41.842
23.68862748,26/4/2024,8:54:23,2.943701,101.877809,0,2.943588,101.877838,165.6246122,165,-0.624612172,41.842,41.842
23.77180886,26/4/2024,8:54:23,2.943701,101.877809,0,2.943588,101.877838,165.6246122,164,-1.624612172,41.842,41.842
23.83854175,26/4/2024,8:54:23,2.943701,101.877809,0,2.943588,101.877838,165.6246122,164,-1.624612172,41.842,41.842
23.886132,26/4/2024,8:54:23,2.943701,101.877809,0,2.943588,101.877838,165.6246122,165,-0.624612172,41.842,41.842
23.96879673,26/4/2024,8:54:23,2.943701,101.877809,0,2.943588,101.877838,165.6246122,164,-1.624612172,41.842,41.842
24.0388484,26/4/2024,8:54:23,2.943701,101.877809,0,2.943588,101.877838,165.6246122,164,-1.624612172,41.842,41.842
24.06981111,26/4/2024,8:54:23,2.943701,101.877809,0,2.943588,101.877838,165.6246122,164,-1.624612172,41.842,41.842
24.11263371,26/4/2024,8:54:23,2.943701,101.877809,0,2.943588,101.877838,165.6246122,164,-1.624612172,41.842,41.842
24.36973405,26/4/2024,8:54:24,2.943697,101.87781,0,2.943588,101.877838,165.6115351,164,-1.611535077,41.842,41.842
24.43068337,26/4/2024,8:54:24,2.943697,101.87781,0,2.943588,101.877838,165.6115351,164,-1.611535077,41.842,41.842
24.51036596,26/4/2024,8:54:24,2.943697,101.87781,0,2.943588,101.877838,165.6115351,164,-1.611535077,41.842,41.842
24.57970953,26/4/2024,8:54:24,2.943697,101.87781,0,2.943588,101.877838,165.6115351,164,-1.611535077,41.842,41.842
24.62848496,26/4/2024,8:54:24,2.943697,101.87781,0,2.943588,101.877838,165.6115351,164,-1.611535077,41.842,41.842
24.69079399,26/4/2024,8:54:24,2.943697,101.87781,0,2.943588,101.877838,165.6115351,164,-1.611535077,41.842,41.842
24.77745771,26/4/2024,8:54:24,2.943697,101.87781,0,2.943588,101.877838,165.6115351,163,-2.611535077,41.842,41.842
24.84391737,26/4/2024,8:54:24,2.943697,101.87781,0,2.943588,101.877838,165.6115351,163,-2.611535077,41.842,41.842
24.89612508,26/4/2024,8:54:24,2.943697,101.87781,0,2.943588,101.877838,165.6115351,164,-1.611535077,41.842,41.842
24.97946596,26/4/2024,8:54:24,2.943697,101.87781,0,2.943588,101.877838,165.6115351,163,-2.611535077,41.842,41.842
25.04261827,26/4/2024,8:54:24,2.943697,101.87781,0,2.943588,101.877838,165.6115351,164,-1.611535077,41.842,41.842
25.07140827,26/4/2024,8:54:24,2.943697,101.87781,0,2.943588,101.877838,165.6115351,164,-1.611535077,41.842,41.842
25.12219739,26/4/2024,8:54:24,2.943697,101.87781,0,2.943588,101.877838,165.6115351,163,-2.611535077,41.842,41.842
25.18350863,26/4/2024,8:54:24,2.943697,101.87781,0,2.943588,101.877838,165.6115351,164,-1.611535077,41.842,41.842
25.36961722,26/4/2024,8:54:25,2.943694,101.877811,0,2.943588,101.877838,165.7277604,164,-1.727760394,41.842,41.842
25.42695761,26/4/2024,8:54:25,2.943694,101.877811,0,2.943588,101.877838,165.7277604,163,-2.727760394,41.842,41.842
25.51292682,26/4/2024,8:54:25,2.943694,101.877811,0,2.943588,101.877838,165.7277604,163,-2.727760394,41.842,41.842
25.57732701,26/4/2024,8:54:25,2.943694,101.877811,0,2.943588,101.877838,165.7277604,164,-1.727760394,41.842,41.842
25.62682939,26/4/2024,8:54:25,2.943694,101.877811,0,2.943588,101.877838,165.7277604,164,-1.727760394,41.842,41.842
25.6963625,26/4/2024,8:54:25,2.943694,101.877811,0,2.943588,101.877838,165.7277604,163,-2.727760394,41.842,41.842
25.77246618,26/4/2024,8:54:25,2.943694,101.877811,0,2.943588,101.877838,165.7277604,163,-2.727760394,41.842,41.842
25.83892608,26/4/2024,8:54:25,2.943694,101.877811,0,2.943588,101.877838,165.7277604,164,-1.727760394,41.842,41.842
25.89301181,26/4/2024,8:54:25,2.943694,101.877811,0,2.943588,101.877838,165.7277604,164,-1.727760394,41.842,41.842
25.97130656,26/4/2024,8:54:25,2.943694,101.877811,0,2.943588,101.877838,165.7277604,163,-2.727760394,41.842,41.842
26.03780389,26/4/2024,8:54:25,2.943694,101.877811,0,2.943588,101.877838,165.7277604,164,-1.727760394,41.842,41.842
26.07486773,26/4/2024,8:54:25,2.943694,101.877811,0,2.943588,101.877838,165.7277604,163,-2.727760394,41.842,41.842
26.11423922,26/4/2024,8:54:25,2.943694,101.877811,0,2.943588,101.877838,165.7277604,164,-1.727760394,41.842,41.842
26.3664515,26/4/2024,8:54:26,2.94369,101.877812,0,2.943588,101.877838,165.7178195,163,-2.717819519,41.842,41.842
26.42248869,26/4/2024,8:54:26,2.94369,101.877812,0,2.943588,101.877838,165.7178195,164,-1.717819519,41.842,41.842
26.50846148,26/4/2024,8:54:26,2.94369,101.877812,0,2.943588,101.877838,165.7178195,163,-2.717819519,41.842,41.842
26.5705924,26/4/2024,8:54:26,2.94369,101.877812,0,2.943588,101.877838,165.7178195,163,-2.717819519,41.842,41.842
26.62169933,26/4/2024,8:54:26,2.94369,101.877812,0,2.943588,101.877838,165.7178195,163,-2.717819519,41.842,41.842
26.68722248,26/4/2024,8:54:26,2.94369,101.877812,0,2.943588,101.877838,165.7178195,163,-2.717819519,41.842,41.842
26.77681971,26/4/2024,8:54:26,2.94369,101.877812,0,2.943588,101.877838,165.7178195,164,-1.717819519,41.842,41.842
26.83921385,26/4/2024,8:54:26,2.94369,101.877812,0,2.943588,101.877838,165.7178195,163,-2.717819519,41.842,41.842
26.88784623,26/4/2024,8:54:26,2.94369,101.877812,0,2.943588,101.877838,165.7178195,163,-2.717819519,41.842,41.842
26.95403767,26/4/2024,8:54:26,2.94369,101.877812,0,2.943588,101.877838,165.7178195,164,-1.717819519,41.842,41.842
27.0471282,26/4/2024,8:54:26,2.94369,101.877812,0,2.943588,101.877838,165.7178195,163,-2.717819519,41.842,41.842
27.0625298,26/4/2024,8:54:26,2.94369,101.877812,0,2.943588,101.877838,165.7178195,163,-2.717819519,41.842,41.842
27.12761021,26/4/2024,8:54:26,2.94369,101.877812,0,2.943588,101.877838,165.7178195,163,-2.717819519,41.842,41.842
27.18378115,26/4/2024,8:54:26,2.94369,101.877812,0,2.943588,101.877838,165.7178195,164,-1.717819519,41.842,41.842
27.37117696,26/4/2024,8:54:27,2.943686,101.877813,0,2.943588,101.877838,165.7070681,165,-0.707068122,41.842,41.842
27.4279809,26/4/2024,8:54:27,2.943686,101.877813,0,2.943588,101.877838,165.7070681,164,-1.707068122,41.842,41.842
27.51066756,26/4/2024,8:54:27,2.943686,101.877813,0,2.943588,101.877838,165.7070681,164,-1.707068122,41.842,41.842
27.57114768,26/4/2024,8:54:27,2.943686,101.877813,0,2.943588,101.877838,165.7070681,165,-0.707068122,41.842,41.842
27.61960793,26/4/2024,8:54:27,2.943686,101.877813,0,2.943588,101.877838,165.7070681,164,-1.707068122,41.842,41.842
27.69025469,26/4/2024,8:54:27,2.943686,101.877813,0,2.943588,101.877838,165.7070681,165,-0.707068122,41.842,41.842
27.77349138,26/4/2024,8:54:27,2.943686,101.877813,0,2.943588,101.877838,165.7070681,164,-1.707068122,41.842,41.842
27.84002185,26/4/2024,8:54:27,2.943686,101.877813,0,2.943588,101.877838,165.7070681,164,-1.707068122,41.842,41.842
27.88905835,26/4/2024,8:54:27,2.943686,101.877813,0,2.943588,101.877838,165.7070681,165,-0.707068122,41.842,41.842
27.96852994,26/4/2024,8:54:27,2.943686,101.877813,0,2.943588,101.877838,165.7070681,165,-0.707068122,41.842,41.842
28.04276252,26/4/2024,8:54:27,2.943686,101.877813,0,2.943588,101.877838,165.7070681,164,-1.707068122,41.842,41.842
28.07260156,26/4/2024,8:54:27,2.943686,101.877813,0,2.943588,101.877838,165.7070681,164,-1.707068122,41.842,41.842
28.11269093,26/4/2024,8:54:27,2.943686,101.877813,0,2.943588,101.877838,165.7070681,164,-1.707068122,41.842,41.842
28.36843562,26/4/2024,8:54:28,2.943682,101.877813,0,2.943588,101.877838,165.1253074,164,-1.125307375,41.842,41.842
28.42303896,26/4/2024,8:54:28,2.943682,101.877813,0,2.943588,101.877838,165.1253074,165,-0.125307375,41.842,41.842
28.50697374,26/4/2024,8:54:28,2.943682,101.877813,0,2.943588,101.877838,165.1253074,164,-1.125307375,41.842,41.842
28.58057857,26/4/2024,8:54:28,2.943682,101.877813,0,2.943588,101.877838,165.1253074,165,-0.125307375,41.842,41.842
28.62277412,26/4/2024,8:54:28,2.943682,101.877813,0,2.943588,101.877838,165.1253074,165,-0.125307375,41.842,41.842
28.68890667,26/4/2024,8:54:28,2.943682,101.877813,0,2.943588,101.877838,165.1253074,165,-0.125307375,41.842,41.842
28.77189565,26/4/2024,8:54:28,2.943682,101.877813,0,2.943588,101.877838,165.1253074,165,-0.125307375,41.842,41.842
28.8384645,26/4/2024,8:54:28,2.943682,101.877813,0,2.943588,101.877838,165.1253074,165,-0.125307375,41.842,41.842
28.88793397,26/4/2024,8:54:28,2.943682,101.877813,0,2.943588,101.877838,165.1253074,165,-0.125307375,41.842,41.842
28.97463465,26/4/2024,8:54:28,2.943682,101.877813,0,2.943588,101.877838,165.1253074,165,-0.125307375,41.842,41.842
29.0374465,26/4/2024,8:54:28,2.943682,101.877813,0,2.943588,101.877838,165.1253074,165,-0.125307375,41.842,41.842
29.06966066,26/4/2024,8:54:28,2.943682,101.877813,0,2.943588,101.877838,165.1253074,165,-0.125307375,41.842,41.842
29.12561202,26/4/2024,8:54:28,2.943682,101.877813,0,2.943588,101.877838,165.1253074,165,-0.125307375,41.842,41.842
29.18712163,26/4/2024,8:54:28,2.943682,101.877813,0,2.943588,101.877838,165.1253074,165,-0.125307375,41.842,41.842
29.37154698,26/4/2024,8:54:29,2.943679,101.877814,0,2.943588,101.877838,165.2440936,165,-0.244093635,41.842,41.842
29.42581177,26/4/2024,8:54:29,2.943679,101.877814,0,2.943588,101.877838,165.2440936,165,-0.244093635,41.842,41.842
29.50668788,26/4/2024,8:54:29,2.943679,101.877814,0,2.943588,101.877838,165.2440936,165,-0.244093635,41.842,41.842
29.57323861,26/4/2024,8:54:29,2.943679,101.877814,0,2.943588,101.877838,165.2440936,165,-0.244093635,41.842,41.842
29.62279844,26/4/2024,8:54:29,2.943679,101.877814,0,2.943588,101.877838,165.2440936,165,-0.244093635,41.842,41.842
29.69202089,26/4/2024,8:54:29,2.943679,101.877814,0,2.943588,101.877838,165.2440936,165,-0.244093635,41.842,41.842
29.77525544,26/4/2024,8:54:29,2.943679,101.877814,0,2.943588,101.877838,165.2440936,165,-0.244093635,41.842,41.842
29.84442282,26/4/2024,8:54:29,2.943679,101.877814,0,2.943588,101.877838,165.2440936,165,-0.244093635,41.842,41.842
29.89024782,26/4/2024,8:54:29,2.943679,101.877814,0,2.943588,101.877838,165.2440936,165,-0.244093635,41.842,41.842
29.97370458,26/4/2024,8:54:29,2.943679,101.877814,0,2.943588,101.877838,165.2440936,165,-0.244093635,41.842,41.842
30.03557706,26/4/2024,8:54:29,2.943679,101.877814,0,2.943588,101.877838,165.2440936,166,0.755906365,41.401,41.4285
30.07827282,26/4/2024,8:54:29,2.943679,101.877814,0,2.943588,101.877838,165.2440936,165,-0.244093635,41.842,41.842
30.11259532,26/4/2024,8:54:29,2.943679,101.877814,0,2.943588,101.877838,165.2440936,165,-0.244093635,41.842,41.842
30.36906743,26/4/2024,8:54:30,2.943675,101.877816,0,2.943588,101.877838,165.8268736,166,0.173126425,41.401,41.4285
30.42612553,26/4/2024,8:54:30,2.943675,101.877816,0,2.943588,101.877838,165.8268736,166,0.173126425,41.401,41.4285
30.51036286,26/4/2024,8:54:30,2.943675,101.877816,0,2.943588,101.877838,165.8268736,166,0.173126425,41.401,41.4285
30.57711434,26/4/2024,8:54:30,2.943675,101.877816,0,2.943588,101.877838,165.8268736,167,1.173126425,41.401,41.4285
30.62938714,26/4/2024,8:54:30,2.943675,101.877816,0,2.943588,101.877838,165.8268736,166,0.173126425,41.401,41.4285
30.69314456,26/4/2024,8:54:30,2.943675,101.877816,0,2.943588,101.877838,165.8268736,166,0.173126425,41.401,41.4285
30.77659321,26/4/2024,8:54:30,2.943675,101.877816,0,2.943588,101.877838,165.8268736,166,0.173126425,41.401,41.4285
30.83814049,26/4/2024,8:54:30,2.943675,101.877816,0,2.943588,101.877838,165.8268736,166,0.173126425,41.401,41.4285
30.89460921,26/4/2024,8:54:30,2.943675,101.877816,0,2.943588,101.877838,165.8268736,167,1.173126425,41.401,41.4285
30.97484899,26/4/2024,8:54:30,2.943675,101.877816,0,2.943588,101.877838,165.8268736,167,1.173126425,41.401,41.4285
31.0413847,26/4/2024,8:54:30,2.943675,101.877816,0,2.943588,101.877838,165.8268736,166,0.173126425,41.401,41.4285
31.07024527,26/4/2024,8:54:30,2.943675,101.877816,0,2.943588,101.877838,165.8268736,167,1.173126425,41.401,41.4285
31.1264205,26/4/2024,8:54:30,2.943675,101.877816,0,2.943588,101.877838,165.8268736,167,1.173126425,41.401,41.4285
31.18846607,26/4/2024,8:54:30,2.943675,101.877816,0,2.943588,101.877838,165.8268736,167,1.173126425,41.401,41.4285
31.36966372,26/4/2024,8:54:31,2.943671,101.877818,0,2.943588,101.877838,166.4692798,168,1.53072019,41.401,41.4285
31.42749691,26/4/2024,8:54:31,2.943671,101.877818,0,2.943588,101.877838,166.4692798,168,1.53072019,41.401,41.4285
31.51024508,26/4/2024,8:54:31,2.943671,101.877818,0,2.943588,101.877838,166.4692798,168,1.53072019,41.401,41.4285
31.58374357,26/4/2024,8:54:31,2.943671,101.877818,0,2.943588,101.877838,166.4692798,168,1.53072019,41.401,41.4285
31.62006044,26/4/2024,8:54:31,2.943671,101.877818,0,2.943588,101.877838,166.4692798,168,1.53072019,41.401,41.4285
31.6912148,26/4/2024,8:54:31,2.943671,101.877818,0,2.943588,101.877838,166.4692798,167,0.53072019,41.401,41.4285
31.77216482,26/4/2024,8:54:31,2.943671,101.877818,0,2.943588,101.877838,166.4692798,167,0.53072019,41.401,41.4285
31.84122658,26/4/2024,8:54:31,2.943671,101.877818,0,2.943588,101.877838,166.4692798,167,0.53072019,41.401,41.4285
31.8901794,26/4/2024,8:54:31,2.943671,101.877818,0,2.943588,101.877838,166.4692798,168,1.53072019,41.401,41.4285
31.97181797,26/4/2024,8:54:31,2.943671,101.877818,0,2.943588,101.877838,166.4692798,168,1.53072019,41.401,41.4285
32.04821706,26/4/2024,8:54:31,2.943671,101.877818,0,2.943588,101.877838,166.4692798,167,0.53072019,41.401,41.4285
32.07407188,26/4/2024,8:54:31,2.943671,101.877818,0,2.943588,101.877838,166.4692798,168,1.53072019,41.401,41.4285
32.13029623,26/4/2024,8:54:31,2.943671,101.877818,0,2.943588,101.877838,166.4692798,168,1.53072019,41.401,41.4285
32.37040758,26/4/2024,8:54:32,2.943666,101.877819,0,2.943588,101.877838,166.3273359,167,0.672664126,41.401,41.4285
32.42622018,26/4/2024,8:54:32,2.943666,101.877819,0,2.943588,101.877838,166.3273359,169,2.672664126,41.401,41.4285
32.51220632,26/4/2024,8:54:32,2.943666,101.877819,0,2.943588,101.877838,166.3273359,168,1.672664126,41.401,41.4285
32.57875276,26/4/2024,8:54:32,2.943666,101.877819,0,2.943588,101.877838,166.3273359,168,1.672664126,41.401,41.4285
32.62747622,26/4/2024,8:54:32,2.943666,101.877819,0,2.943588,101.877838,166.3273359,168,1.672664126,41.401,41.4285
32.69193649,26/4/2024,8:54:32,2.943666,101.877819,0,2.943588,101.877838,166.3273359,167,0.672664126,41.401,41.4285
32.77279949,26/4/2024,8:54:32,2.943666,101.877819,0,2.943588,101.877838,166.3273359,168,1.672664126,41.401,41.4285
32.83976769,26/4/2024,8:54:32,2.943666,101.877819,0,2.943588,101.877838,166.3273359,168,1.672664126,41.401,41.4285
32.89861035,26/4/2024,8:54:32,2.943666,101.877819,0,2.943588,101.877838,166.3273359,168,1.672664126,41.401,41.4285
32.98046422,26/4/2024,8:54:32,2.943666,101.877819,0,2.943588,101.877838,166.3273359,169,2.672664126,41.401,41.4285
33.03883529,26/4/2024,8:54:32,2.943666,101.877819,0,2.943588,101.877838,166.3273359,169,2.672664126,41.401,41.4285
33.07596898,26/4/2024,8:54:32,2.943666,101.877819,0,2.943588,101.877838,166.3273359,168,1.672664126,41.401,41.4285
33.11939263,26/4/2024,8:54:32,2.943666,101.877819,0,2.943588,101.877838,166.3273359,168,1.672664126,41.401,41.4285
33.18585992,26/4/2024,8:54:32,2.943666,101.877819,0,2.943588,101.877838,166.3273359,168,1.672664126,41.401,41.4285
33.36309266,26/4/2024,8:54:33,2.943662,101.87782,0,2.943588,101.877838,166.3460563,168,1.653943655,41.401,41.4285
33.41634512,26/4/2024,8:54:33,2.943662,101.87782,0,2.943588,101.877838,166.3460563,168,1.653943655,41.401,41.4285
33.5018487,26/4/2024,8:54:33,2.943662,101.87782,0,2.943588,101.877838,166.3460563,169,2.653943655,41.401,41.4285
33.56580353,26/4/2024,8:54:33,2.943662,101.87782,0,2.943588,101.877838,166.3460563,168,1.653943655,41.401,41.4285
33.61631656,26/4/2024,8:54:33,2.943662,101.87782,0,2.943588,101.877838,166.3460563,169,2.653943655,41.401,41.4285
33.685637,26/4/2024,8:54:33,2.943662,101.87782,0,2.943588,101.877838,166.3460563,169,2.653943655,41.401,41.4285
33.76812792,26/4/2024,8:54:33,2.943662,101.87782,0,2.943588,101.877838,166.3460563,169,2.653943655,41.401,41.4285
33.83539844,26/4/2024,8:54:33,2.943662,101.87782,0,2.943588,101.877838,166.3460563,169,2.653943655,41.401,41.4285
33.88110328,26/4/2024,8:54:33,2.943662,101.87782,0,2.943588,101.877838,166.3460563,168,1.653943655,41.401,41.4285
33.96323371,26/4/2024,8:54:33,2.943662,101.87782,0,2.943588,101.877838,166.3460563,169,2.653943655,41.401,41.4285
34.03910851,26/4/2024,8:54:33,2.943662,101.87782,0,2.943588,101.877838,166.3460563,169,2.653943655,41.401,41.4285
34.06944156,26/4/2024,8:54:33,2.943662,101.87782,0,2.943588,101.877838,166.3460563,169,2.653943655,41.401,41.4285
34.11122632,26/4/2024,8:54:33,2.943662,101.87782,0,2.943588,101.877838,166.3460563,169,2.653943655,41.401,41.4285
34.36741281,26/4/2024,8:54:34,2.943658,101.87782,0,2.943588,101.877838,165.5974629,170,4.402537101,23.582,40.214
34.41929841,26/4/2024,8:54:34,2.943658,101.87782,0,2.943588,101.877838,165.5974629,170,4.402537101,23.582,40.214
34.50468445,26/4/2024,8:54:34,2.943658,101.87782,0,2.943588,101.877838,165.5974629,169,3.402537101,41.401,41.4285
34.57327795,26/4/2024,8:54:34,2.943658,101.87782,0,2.943588,101.877838,165.5974629,169,3.402537101,41.401,41.4285
34.62258124,26/4/2024,8:54:34,2.943658,101.87782,0,2.943588,101.877838,165.5974629,169,3.402537101,41.401,41.4285
34.70173812,26/4/2024,8:54:34,2.943658,101.87782,0,2.943588,101.877838,165.5974629,170,4.402537101,23.582,40.214
34.77792048,26/4/2024,8:54:34,2.943658,101.87782,0,2.943588,101.877838,165.5974629,169,3.402537101,41.401,41.4285
34.84694028,26/4/2024,8:54:34,2.943658,101.87782,0,2.943588,101.877838,165.5974629,169,3.402537101,41.401,41.4285
34.88805723,26/4/2024,8:54:34,2.943658,101.87782,0,2.943588,101.877838,165.5974629,169,3.402537101,41.401,41.4285
34.96990061,26/4/2024,8:54:34,2.943658,101.87782,0,2.943588,101.877838,165.5974629,169,3.402537101,41.401,41.4285
35.03611994,26/4/2024,8:54:34,2.943658,101.87782,0,2.943588,101.877838,165.5974629,169,3.402537101,41.401,41.4285
35.07417989,26/4/2024,8:54:34,2.943658,101.87782,0,2.943588,101.877838,165.5974629,170,4.402537101,23.582,40.214
35.11910987,26/4/2024,8:54:34,2.943658,101.87782,0,2.943588,101.877838,165.5974629,170,4.402537101,23.582,40.214
35.18730831,26/4/2024,8:54:34,2.943658,101.87782,0,2.943588,101.877838,165.5974629,169,3.402537101,41.401,41.4285
35.36547589,26/4/2024,8:54:35,2.943653,101.877821,0,2.943588,101.877838,165.361757,169,3.638242964,23.582,40.214
35.42338943,26/4/2024,8:54:35,2.943653,101.877821,0,2.943588,101.877838,165.361757,169,3.638242964,23.582,40.214
35.51107049,26/4/2024,8:54:35,2.943653,101.877821,0,2.943588,101.877838,165.361757,169,3.638242964,23.582,40.214
35.56639719,26/4/2024,8:54:35,2.943653,101.877821,0,2.943588,101.877838,165.361757,170,4.638242964,23.582,40.214
35.62183189,26/4/2024,8:54:35,2.943653,101.877821,0,2.943588,101.877838,165.361757,169,3.638242964,23.582,40.214
35.68409657,26/4/2024,8:54:35,2.943653,101.877821,0,2.943588,101.877838,165.361757,169,3.638242964,23.582,40.214
35.76912379,26/4/2024,8:54:35,2.943653,101.877821,0,2.943588,101.877838,165.361757,169,3.638242964,23.582,40.214
35.8398118,26/4/2024,8:54:35,2.943653,101.877821,0,2.943588,101.877838,165.361757,170,4.638242964,23.582,40.214
35.89096904,26/4/2024,8:54:35,2.943653,101.877821,0,2.943588,101.877838,165.361757,169,3.638242964,23.582,40.214
35.96796441,26/4/2024,8:54:35,2.943653,101.877821,0,2.943588,101.877838,165.361757,170,4.638242964,23.582,40.214
36.03539491,26/4/2024,8:54:35,2.943653,101.877821,0,2.943588,101.877838,165.361757,168,2.638242964,41.401,41.4285
36.07059407,26/4/2024,8:54:35,2.943653,101.877821,0,2.943588,101.877838,165.361757,168,2.638242964,41.401,41.4285
36.11008048,26/4/2024,8:54:35,2.943653,101.877821,0,2.943588,101.877838,165.361757,168,2.638242964,41.401,41.4285
36.37110734,26/4/2024,8:54:36,2.943651,101.877821,0,2.943588,101.877838,164.9179191,168,3.082080909,41.401,41.4285
36.40842986,26/4/2024,8:54:36,2.943651,101.877821,0,2.943588,101.877838,164.9179191,168,3.082080909,41.401,41.4285
36.49108791,26/4/2024,8:54:36,2.943651,101.877821,0,2.943588,101.877838,164.9179191,167,2.082080909,41.401,41.4285
36.56147003,26/4/2024,8:54:36,2.943651,101.877821,0,2.943588,101.877838,164.9179191,168,3.082080909,41.401,41.4285
36.6095469,26/4/2024,8:54:36,2.943651,101.877821,0,2.943588,101.877838,164.9179191,168,3.082080909,41.401,41.4285
36.69226527,26/4/2024,8:54:36,2.943651,101.877821,0,2.943588,101.877838,164.9179191,169,4.082080909,23.582,40.214
36.75751233,26/4/2024,8:54:36,2.943651,101.877821,0,2.943588,101.877838,164.9179191,169,4.082080909,23.582,40.214
36.82228041,26/4/2024,8:54:36,2.943651,101.877821,0,2.943588,101.877838,164.9179191,168,3.082080909,41.401,41.4285
36.88990617,26/4/2024,8:54:36,2.943651,101.877821,0,2.943588,101.877838,164.9179191,169,4.082080909,23.582,40.214
36.95769167,26/4/2024,8:54:36,2.943651,101.877821,0,2.943588,101.877838,164.9179191,168,3.082080909,41.401,41.4285
37.02347255,26/4/2024,8:54:36,2.943651,101.877821,0,2.943588,101.877838,164.9179191,168,3.082080909,41.401,41.4285
37.06113648,26/4/2024,8:54:36,2.943651,101.877821,0,2.943588,101.877838,164.9179191,168,3.082080909,41.401,41.4285
37.12029243,26/4/2024,8:54:36,2.943651,101.877821,0,2.943588,101.877838,164.9179191,168,3.082080909,41.401,41.4285
37.17981505,26/4/2024,8:54:36,2.943651,101.877821,0,2.943588,101.877838,164.9179191,168,3.082080909,41.401,41.4285
37.36804223,26/4/2024,8:54:37,2.943646,101.877821,0,2.943588,101.877838,163.6843649,168,4.315635088,23.582,40.214
37.41959047,26/4/2024,8:54:37,2.943646,101.877821,0,2.943588,101.877838,163.6843649,168,4.315635088,23.582,40.214
37.50983548,26/4/2024,8:54:37,2.943646,101.877821,0,2.943588,101.877838,163.6843649,168,4.315635088,23.582,40.214
37.56940198,26/4/2024,8:54:37,2.943646,101.877821,0,2.943588,101.877838,163.6843649,167,3.315635088,41.401,41.4285
37.62419558,26/4/2024,8:54:37,2.943646,101.877821,0,2.943588,101.877838,163.6843649,167,3.315635088,41.401,41.4285
37.68743682,26/4/2024,8:54:37,2.943646,101.877821,0,2.943588,101.877838,163.6843649,167,3.315635088,41.401,41.4285
37.76878285,26/4/2024,8:54:37,2.943646,101.877821,0,2.943588,101.877838,163.6843649,167,3.315635088,41.401,41.4285
37.83865499,26/4/2024,8:54:37,2.943646,101.877821,0,2.943588,101.877838,163.6843649,168,4.315635088,23.582,40.214
37.88910794,26/4/2024,8:54:37,2.943646,101.877821,0,2.943588,101.877838,163.6843649,167,3.315635088,41.401,41.4285
37.97166085,26/4/2024,8:54:37,2.943646,101.877821,0,2.943588,101.877838,163.6843649,167,3.315635088,41.401,41.4285
38.03623247,26/4/2024,8:54:37,2.943646,101.877821,0,2.943588,101.877838,163.6843649,166,2.315635088,41.401,41.4285
38.07262754,26/4/2024,8:54:37,2.943646,101.877821,0,2.943588,101.877838,163.6843649,166,2.315635088,41.401,41.4285
38.11183929,26/4/2024,8:54:37,2.943646,101.877821,0,2.943588,101.877838,163.6843649,166,2.315635088,41.401,41.4285
38.36768508,26/4/2024,8:54:38,2.943642,101.877822,0,2.943588,101.877838,163.516233,166,2.483766973,41.401,41.4285
38.42484879,26/4/2024,8:54:38,2.943642,101.877822,0,2.943588,101.877838,163.516233,166,2.483766973,41.401,41.4285
38.50300241,26/4/2024,8:54:38,2.943642,101.877822,0,2.943588,101.877838,163.516233,166,2.483766973,41.401,41.4285
38.57174563,26/4/2024,8:54:38,2.943642,101.877822,0,2.943588,101.877838,163.516233,166,2.483766973,41.401,41.4285
38.62296891,26/4/2024,8:54:38,2.943642,101.877822,0,2.943588,101.877838,163.516233,166,2.483766973,41.401,41.4285
38.68654752,26/4/2024,8:54:38,2.943642,101.877822,0,2.943588,101.877838,163.516233,166,2.483766973,41.401,41.4285
38.76871371,26/4/2024,8:54:38,2.943642,101.877822,0,2.943588,101.877838,163.516233,167,3.483766973,41.401,41.4285
38.8506453,26/4/2024,8:54:38,2.943642,101.877822,0,2.943588,101.877838,163.516233,166,2.483766973,41.401,41.4285
38.89217854,26/4/2024,8:54:38,2.943642,101.877822,0,2.943588,101.877838,163.516233,166,2.483766973,41.401,41.4285
38.96005917,26/4/2024,8:54:38,2.943642,101.877822,0,2.943588,101.877838,163.516233,166,2.483766973,41.401,41.4285
39.01982951,26/4/2024,8:54:38,2.943642,101.877822,0,2.943588,101.877838,163.516233,167,3.483766973,41.401,41.4285
39.05337834,26/4/2024,8:54:38,2.943642,101.877822,0,2.943588,101.877838,163.516233,167,3.483766973,41.401,41.4285
39.1263864,26/4/2024,8:54:38,2.943642,101.877822,0,2.943588,101.877838,163.516233,167,3.483766973,41.401,41.4285
39.18275547,26/4/2024,8:54:38,2.943642,101.877822,0,2.943588,101.877838,163.516233,166,2.483766973,41.401,41.4285
39.36781955,26/4/2024,8:54:39,2.943638,101.877822,0,2.943588,101.877838,162.2772759,167,4.722724108,23.582,40.214
39.42435002,26/4/2024,8:54:39,2.943638,101.877822,0,2.943588,101.877838,162.2772759,167,4.722724108,23.582,40.214
39.50795913,26/4/2024,8:54:39,2.943638,101.877822,0,2.943588,101.877838,162.2772759,168,5.722724108,23.582,40.214
39.57950091,26/4/2024,8:54:39,2.943638,101.877822,0,2.943588,101.877838,162.2772759,167,4.722724108,23.582,40.214
39.62423325,26/4/2024,8:54:39,2.943638,101.877822,0,2.943588,101.877838,162.2772759,167,4.722724108,23.582,40.214
39.69116139,26/4/2024,8:54:39,2.943638,101.877822,0,2.943588,101.877838,162.2772759,166,3.722724108,23.582,40.214
39.77258563,26/4/2024,8:54:39,2.943638,101.877822,0,2.943588,101.877838,162.2772759,167,4.722724108,23.582,40.214
39.84427142,26/4/2024,8:54:39,2.943638,101.877822,0,2.943588,101.877838,162.2772759,166,3.722724108,23.582,40.214
39.89613795,26/4/2024,8:54:39,2.943638,101.877822,0,2.943588,101.877838,162.2772759,167,4.722724108,23.582,40.214
39.95432305,26/4/2024,8:54:39,2.943638,101.877822,0,2.943588,101.877838,162.2772759,166,3.722724108,23.582,40.214
40.02525401,26/4/2024,8:54:39,2.943638,101.877822,0,2.943588,101.877838,162.2772759,165,2.722724108,41.401,41.4285
40.05087924,26/4/2024,8:54:39,2.943638,101.877822,0,2.943588,101.877838,162.2772759,165,2.722724108,41.401,41.4285
40.11381555,26/4/2024,8:54:39,2.943638,101.877822,0,2.943588,101.877838,162.2772759,166,3.722724108,23.582,40.214
40.36274338,26/4/2024,8:54:40,2.943633,101.877823,0,2.943588,101.877838,161.5877341,165,3.412265925,41.401,41.4285
40.41864014,26/4/2024,8:54:40,2.943633,101.877823,0,2.943588,101.877838,161.5877341,164,2.412265925,41.401,41.4285
40.50294781,26/4/2024,8:54:40,2.943633,101.877823,0,2.943588,101.877838,161.5877341,164,2.412265925,41.401,41.4285
40.56600523,26/4/2024,8:54:40,2.943633,101.877823,0,2.943588,101.877838,161.5877341,163,1.412265925,41.401,41.4285
40.61431003,26/4/2024,8:54:40,2.943633,101.877823,0,2.943588,101.877838,161.5877341,163,1.412265925,41.401,41.4285
40.68070006,26/4/2024,8:54:40,2.943633,101.877823,0,2.943588,101.877838,161.5877341,162,0.412265925,41.401,41.4285
40.76498437,26/4/2024,8:54:40,2.943633,101.877823,0,2.943588,101.877838,161.5877341,162,0.412265925,41.401,41.4285
40.83787036,26/4/2024,8:54:40,2.943633,101.877823,0,2.943588,101.877838,161.5877341,163,1.412265925,41.401,41.4285
40.88343978,26/4/2024,8:54:40,2.943633,101.877823,0,2.943588,101.877838,161.5877341,161,-0.587734075,41.842,41.842
40.95542979,26/4/2024,8:54:40,2.943633,101.877823,0,2.943588,101.877838,161.5877341,162,0.412265925,41.401,41.4285
41.02068472,26/4/2024,8:54:40,2.943633,101.877823,0,2.943588,101.877838,161.5877341,162,0.412265925,41.401,41.4285
41.05020094,26/4/2024,8:54:40,2.943633,101.877823,0,2.943588,101.877838,161.5877341,162,0.412265925,41.401,41.4285
41.11729884,26/4/2024,8:54:40,2.943633,101.877823,0,2.943588,101.877838,161.5877341,160,-1.587734075,41.842,41.842
41.17918682,26/4/2024,8:54:40,2.943633,101.877823,0,2.943588,101.877838,161.5877341,161,-0.587734075,41.842,41.842
41.35872841,26/4/2024,8:54:41,2.94363,101.877825,0,2.943588,101.877838,162.8228153,161,-1.822815263,41.558,41.558
41.41447544,26/4/2024,8:54:41,2.94363,101.877825,0,2.943588,101.877838,162.8228153,162,-0.822815263,41.558,41.558
41.49756908,26/4/2024,8:54:41,2.94363,101.877825,0,2.943588,101.877838,162.8228153,161,-1.822815263,41.558,41.558
41.56159616,26/4/2024,8:54:41,2.94363,101.877825,0,2.943588,101.877838,162.8228153,160,-2.822815263,41.558,41.558
41.61278152,26/4/2024,8:54:41,2.94363,101.877825,0,2.943588,101.877838,162.8228153,161,-1.822815263,41.558,41.558
41.67942619,26/4/2024,8:54:41,2.94363,101.877825,0,2.943588,101.877838,162.8228153,162,-0.822815263,41.558,41.558
41.76550746,26/4/2024,8:54:41,2.94363,101.877825,0,2.943588,101.877838,162.8228153,160,-2.822815263,41.558,41.558
41.83647466,26/4/2024,8:54:41,2.94363,101.877825,0,2.943588,101.877838,162.8228153,160,-2.822815263,41.558,41.558
41.88009238,26/4/2024,8:54:41,2.94363,101.877825,0,2.943588,101.877838,162.8228153,160,-2.822815263,41.558,41.558
41.9429028,26/4/2024,8:54:41,2.94363,101.877825,0,2.943588,101.877838,162.8228153,160,-2.822815263,41.558,41.558
42.01609039,26/4/2024,8:54:41,2.94363,101.877825,0,2.943588,101.877838,162.8228153,161,-1.822815263,41.558,41.558
42.04749107,26/4/2024,8:54:41,2.94363,101.877825,0,2.943588,101.877838,162.8228153,160,-2.822815263,41.558,41.558
42.10061288,26/4/2024,8:54:41,2.94363,101.877825,0,2.943588,101.877838,162.8228153,160,-2.822815263,41.558,41.558
42.36437178,26/4/2024,8:54:42,2.943626,101.877826,0,2.943588,101.877838,162.4961428,160,-2.496142837,35.788,35.788
42.4204607,26/4/2024,8:54:42,2.943626,101.877826,0,2.943588,101.877838,162.4961428,161,-1.496142837,35.788,35.788
42.50953555,26/4/2024,8:54:42,2.943626,101.877826,0,2.943588,101.877838,162.4961428,160,-2.496142837,35.788,35.788
42.57227302,26/4/2024,8:54:42,2.943626,101.877826,0,2.943588,101.877838,162.4961428,160,-2.496142837,35.788,35.788
42.6189363,26/4/2024,8:54:42,2.943626,101.877826,0,2.943588,101.877838,162.4961428,160,-2.496142837,35.788,35.788
42.68475056,26/4/2024,8:54:42,2.943626,101.877826,0,2.943588,101.877838,162.4961428,161,-1.496142837,35.788,35.788
42.76452684,26/4/2024,8:54:42,2.943626,101.877826,0,2.943588,101.877838,162.4961428,160,-2.496142837,35.788,35.788
42.83575273,26/4/2024,8:54:42,2.943626,101.877826,0,2.943588,101.877838,162.4961428,160,-2.496142837,35.788,35.788
42.88179708,26/4/2024,8:54:42,2.943626,101.877826,0,2.943588,101.877838,162.4961428,160,-2.496142837,35.788,35.788
42.95011449,26/4/2024,8:54:42,2.943626,101.877826,0,2.943588,101.877838,162.4961428,160,-2.496142837,35.788,35.788
43.01866221,26/4/2024,8:54:42,2.943626,101.877826,0,2.943588,101.877838,162.4961428,160,-2.496142837,35.788,35.788
43.05377626,26/4/2024,8:54:42,2.943626,101.877826,0,2.943588,101.877838,162.4961428,159,-3.496142837,35.788,35.788
43.12033057,26/4/2024,8:54:42,2.943626,101.877826,0,2.943588,101.877838,162.4961428,160,-2.496142837,35.788,35.788
43.18536568,26/4/2024,8:54:42,2.943626,101.877826,0,2.943588,101.877838,162.4961428,160,-2.496142837,35.788,35.788
43.3669951,26/4/2024,8:54:43,2.943622,101.877827,0,2.943588,101.877838,162.094224,159,-3.094223993,33.467,33.467
43.40276289,26/4/2024,8:54:43,2.943622,101.877827,0,2.943588,101.877838,162.094224,159,-3.094223993,33.467,33.467
43.48728991,26/4/2024,8:54:43,2.943622,101.877827,0,2.943588,101.877838,162.094224,159,-3.094223993,33.467,33.467
43.554708,26/4/2024,8:54:43,2.943622,101.877827,0,2.943588,101.877838,162.094224,160,-2.094223993,33.467,33.467
43.60130382,26/4/2024,8:54:43,2.943622,101.877827,0,2.943588,101.877838,162.094224,160,-2.094223993,33.467,33.467
43.67282224,26/4/2024,8:54:43,2.943622,101.877827,0,2.943588,101.877838,162.094224,159,-3.094223993,33.467,33.467
43.75199628,26/4/2024,8:54:43,2.943622,101.877827,0,2.943588,101.877838,162.094224,159,-3.094223993,33.467,33.467
43.8202641,26/4/2024,8:54:43,2.943622,101.877827,0,2.943588,101.877838,162.094224,160,-2.094223993,33.467,33.467
43.86994076,26/4/2024,8:54:43,2.943622,101.877827,0,2.943588,101.877838,162.094224,160,-2.094223993,33.467,33.467
43.95237136,26/4/2024,8:54:43,2.943622,101.877827,0,2.943588,101.877838,162.094224,159,-3.094223993,33.467,33.467
44.01955223,26/4/2024,8:54:43,2.943622,101.877827,0,2.943588,101.877838,162.094224,159,-3.094223993,33.467,33.467
44.05087495,26/4/2024,8:54:43,2.943622,101.877827,0,2.943588,101.877838,162.094224,160,-2.094223993,33.467,33.467
44.09419227,26/4/2024,8:54:43,2.943622,101.877827,0,2.943588,101.877838,162.094224,159,-3.094223993,33.467,33.467
44.35991144,26/4/2024,8:54:44,2.94362,101.877829,0,2.943588,101.877838,164.3110677,159,-5.311067696,32.417,32.3805
44.39945006,26/4/2024,8:54:44,2.94362,101.877829,0,2.943588,101.877838,164.3110677,160,-4.311067696,32.417,32.3805
44.4897716,26/4/2024,8:54:44,2.94362,101.877829,0,2.943588,101.877838,164.3110677,160,-4.311067696,32.417,32.3805
44.5491519,26/4/2024,8:54:44,2.94362,101.877829,0,2.943588,101.877838,164.3110677,160,-4.311067696,32.417,32.3805
44.60421562,26/4/2024,8:54:44,2.94362,101.877829,0,2.943588,101.877838,164.3110677,160,-4.311067696,32.417,32.3805
44.67102504,26/4/2024,8:54:44,2.94362,101.877829,0,2.943588,101.877838,164.3110677,160,-4.311067696,32.417,32.3805
44.74647093,26/4/2024,8:54:44,2.94362,101.877829,0,2.943588,101.877838,164.3110677,160,-4.311067696,32.417,32.3805
44.81342721,26/4/2024,8:54:44,2.94362,101.877829,0,2.943588,101.877838,164.3110677,161,-3.311067696,33.183,33.183
44.86171055,26/4/2024,8:54:44,2.94362,101.877829,0,2.943588,101.877838,164.3110677,160,-4.311067696,32.417,32.3805
44.94762611,26/4/2024,8:54:44,2.94362,101.877829,0,2.943588,101.877838,164.3110677,160,-4.311067696,32.417,32.3805
45.01780105,26/4/2024,8:54:44,2.94362,101.877829,0,2.943588,101.877838,164.3110677,159,-5.311067696,32.417,32.3805
45.05157113,26/4/2024,8:54:44,2.94362,101.877829,0,2.943588,101.877838,164.3110677,161,-3.311067696,33.183,33.183
45.09578061,26/4/2024,8:54:44,2.94362,101.877829,0,2.943588,101.877838,164.3110677,159,-5.311067696,32.417,32.3805
45.16103983,26/4/2024,8:54:44,2.94362,101.877829,0,2.943588,101.877838,164.3110677,160,-4.311067696,32.417,32.3805
45.36267185,26/4/2024,8:54:45,2.943616,101.877831,0,2.943588,101.877838,165.9815458,160,-5.981545841,29.2545,29.2355
45.41877913,26/4/2024,8:54:45,2.943616,101.877831,0,2.943588,101.877838,165.9815458,160,-5.981545841,29.2545,29.2355
45.50102758,26/4/2024,8:54:45,2.943616,101.877831,0,2.943588,101.877838,165.9815458,160,-5.981545841,29.2545,29.2355
45.56517982,26/4/2024,8:54:45,2.943616,101.877831,0,2.943588,101.877838,165.9815458,160,-5.981545841,29.2545,29.2355
45.61555386,26/4/2024,8:54:45,2.943616,101.877831,0,2.943588,101.877838,165.9815458,159,-6.981545841,29.2545,29.2355
45.68508959,26/4/2024,8:54:45,2.943616,101.877831,0,2.943588,101.877838,165.9815458,160,-5.981545841,29.2545,29.2355
45.76585531,26/4/2024,8:54:45,2.943616,101.877831,0,2.943588,101.877838,165.9815458,159,-6.981545841,29.2545,29.2355
45.82954335,26/4/2024,8:54:45,2.943616,101.877831,0,2.943588,101.877838,165.9815458,159,-6.981545841,29.2545,29.2355
45.88435221,26/4/2024,8:54:45,2.943616,101.877831,0,2.943588,101.877838,165.9815458,159,-6.981545841,29.2545,29.2355
45.94631863,26/4/2024,8:54:45,2.943616,101.877831,0,2.943588,101.877838,165.9815458,159,-6.981545841,29.2545,29.2355
46.01580667,26/4/2024,8:54:45,2.943616,101.877831,0,2.943588,101.877838,165.9815458,160,-5.981545841,29.2545,29.2355
46.05420494,26/4/2024,8:54:45,2.943616,101.877831,0,2.943588,101.877838,165.9815458,160,-5.981545841,29.2545,29.2355
46.10280609,26/4/2024,8:54:45,2.943616,101.877831,0,2.943588,101.877838,165.9815458,159,-6.981545841,29.2545,29.2355
46.3578372,26/4/2024,8:54:46,2.943613,101.877833,0,2.943588,101.877838,168.7046064,160,-8.704606429,31.888,15.314
46.41749954,26/4/2024,8:54:46,2.943613,101.877833,0,2.943588,101.877838,168.7046064,159,-9.704606429,31.888,15.314
46.49752235,26/4/2024,8:54:46,2.943613,101.877833,0,2.943588,101.877838,168.7046064,160,-8.704606429,31.888,15.314
46.5633359,26/4/2024,8:54:46,2.943613,101.877833,0,2.943588,101.877838,168.7046064,160,-8.704606429,31.888,15.314
46.61228323,26/4/2024,8:54:46,2.943613,101.877833,0,2.943588,101.877838,168.7046064,160,-8.704606429,31.888,15.314
46.67644167,26/4/2024,8:54:46,2.943613,101.877833,0,2.943588,101.877838,168.7046064,160,-8.704606429,31.888,15.314
46.74276567,26/4/2024,8:54:46,2.943613,101.877833,0,2.943588,101.877838,168.7046064,160,-8.704606429,31.888,15.314
46.835109,26/4/2024,8:54:46,2.943613,101.877833,0,2.943588,101.877838,168.7046064,161,-7.704606429,31.888,15.314
46.87808871,26/4/2024,8:54:46,2.943613,101.877833,0,2.943588,101.877838,168.7046064,161,-7.704606429,31.888,15.314
46.94499087,26/4/2024,8:54:46,2.943613,101.877833,0,2.943588,101.877838,168.7046064,162,-6.704606429,27.722,27.71
47.0132792,26/4/2024,8:54:46,2.943613,101.877833,0,2.943588,101.877838,168.7046064,162,-6.704606429,27.722,27.71
47.04791451,26/4/2024,8:54:46,2.943613,101.877833,0,2.943588,101.877838,168.7046064,162,-6.704606429,27.722,27.71
47.09728956,26/4/2024,8:54:46,2.943613,101.877833,0,2.943588,101.877838,168.7046064,161,-7.704606429,31.888,15.314
47.16945672,26/4/2024,8:54:46,2.943613,101.877833,0,2.943588,101.877838,168.7046064,162,-6.704606429,27.722,27.71
47.36369133,26/4/2024,8:54:47,2.943609,101.877834,1,2.943588,101.877838,169.2295983,163,-6.229598302,22.231,22.215
