Time,GyroVals
0.004175662994384766,-0.0002769729796405357
0.02037525177001953,0.0007883077112845124
0.034461021423339844,-0.0013422536705655873
0.04834413528442383,-0.0002769729796405357
0.06220555305480957,0.0007883077112845124
0.07650446891784668,0.001853588402209564
0.09075236320495605,0.001853588402209564
0.1044619083404541,-0.0002769729796405357
0.11863899230957031,-0.0002769729796405357
0.13239431381225586,-0.0002769729796405357
0.14754915237426758,-0.002407534361490639
0.16142630577087402,-0.0002769729796405357
0.17627429962158203,0.0007883077112845124
0.19106650352478027,0.0007883077112845124
0.20484542846679688,-0.002407534361490639
0.22044086456298828,-0.0002769729796405357
0.23492169380187988,0.0029188690931346156
0.24875092506408691,-0.0002769729796405357
0.2637643814086914,0.0007883077112845124
0.2785501480102539,-0.0002769729796405357
0.2926909923553467,0.0007883077112845124
0.3078794479370117,-0.0013422536705655873
0.3220484256744385,-0.0002769729796405357
0.33605337142944336,-0.0013422536705655873
0.35111093521118164,-0.0002769729796405357
0.36501002311706543,-0.003472815052415687
0.37866973876953125,0.0007883077112845124
0.394115686416626,-0.002407534361490639
0.4078946113586426,0.0007883077112845124
0.42191123962402344,-0.0002769729796405357
0.43578004837036133,-0.0002769729796405357
0.45013856887817383,0.0007883077112845124
0.46415019035339355,0.001853588402209564
0.47827601432800293,0.0029188690931346156
0.4927346706390381,-0.0002769729796405357
0.5079007148742676,0.001853588402209564
0.5224213600158691,0.0007883077112845124
0.5370099544525146,-0.002407534361490639
0.5511388778686523,-0.0002769729796405357
0.5649209022521973,-0.0002769729796405357
0.5800395011901855,-0.0002769729796405357
0.5953266620635986,0.0029188690931346156
0.6091048717498779,0.0007883077112845124
0.6227388381958008,-0.0013422536705655873
0.6372580528259277,-0.0002769729796405357
0.6514151096343994,0.001853588402209564
0.6667768955230713,-0.0002769729796405357
0.6813995838165283,0.0029188690931346156
0.6955256462097168,-0.0013422536705655873
0.7101452350616455,0.0007883077112845124
0.7247159481048584,-0.0013422536705655873
0.7388067245483398,-0.002407534361490639
0.752800464630127,-0.0002769729796405357
0.7678792476654053,0.001853588402209564
0.782660961151123,-0.0002769729796405357
0.7973716259002686,-0.0013422536705655873
0.8125922679901123,0.001853588402209564
0.8287174701690674,-0.0002769729796405357
0.845637321472168,-0.002407534361490639
0.8597509860992432,0.0007883077112845124
0.8745262622833252,-0.0013422536705655873
0.8897891044616699,-0.0013422536705655873
0.9042346477508545,0.001853588402209564
0.9195742607116699,-0.0013422536705655873
0.934955358505249,0.0007883077112845124
0.9490165710449219,-0.0013422536705655873
0.9659652709960938,-0.0013422536705655873
0.9803800582885742,-0.0002769729796405357
0.9985389709472656,0.0007883077112845124
1.0147523880004883,-0.0002769729796405357
1.0291383266448975,-0.0002769729796405357
1.0438456535339355,-0.002407534361490639
1.0583274364471436,-0.0002769729796405357
1.0720570087432861,-0.0013422536705655873
1.0870919227600098,-0.0002769729796405357
1.1023674011230469,-0.002407534361490639
1.1166086196899414,-0.0002769729796405357
1.1316699981689453,0.0029188690931346156
1.146503210067749,0.0007883077112845124
1.1603870391845703,0.001853588402209564
1.1759769916534424,0.001853588402209564
1.1903076171875,0.001853588402209564
1.2044801712036133,-0.0002769729796405357
1.221024751663208,0.0007883077112845124
1.235074758529663,0.0007883077112845124
1.25007963180542,-0.003472815052415687
1.2650961875915527,-0.0002769729796405357
1.2803833484649658,-0.0002769729796405357
1.2948112487792969,-0.0002769729796405357
1.3104610443115234,-0.0002769729796405357
1.3250706195831299,0.001853588402209564
1.3392744064331055,0.0007883077112845124
1.3540501594543457,-0.0002769729796405357
1.3693232536315918,0.0029188690931346156
1.3830821514129639,-0.0002769729796405357
1.3987555503845215,0.0029188690931346156
1.413421392440796,-0.003472815052415687
1.4275782108306885,-0.0002769729796405357
1.4435863494873047,-0.0002769729796405357
1.4586100578308105,0.001853588402209564
1.4726850986480713,0.0007883077112845124
1.4883058071136475,-0.0002769729796405357
1.502711534500122,0.0007883077112845124
1.5190510749816895,0.0007883077112845124
1.5341441631317139,-0.0013422536705655873
1.5488779544830322,-0.002407534361490639
1.5650229454040527,0.001853588402209564
1.5808792114257812,-0.002407534361490639
1.5952568054199219,0.0007883077112845124
1.6105849742889404,0.001853588402209564
1.624798059463501,-0.0002769729796405357
1.640876293182373,0.0007883077112845124
1.6549203395843506,-0.003472815052415687
1.6692006587982178,0.0007883077112845124
1.6834197044372559,-0.0013422536705655873
1.6977286338806152,-0.0002769729796405357
1.712012767791748,0.001853588402209564
1.728865385055542,0.0007883077112845124
1.7437283992767334,-0.0002769729796405357
1.7585854530334473,-0.0002769729796405357
1.77528977394104,-0.0013422536705655873
1.7917988300323486,-0.0002769729796405357
1.8063175678253174,0.001853588402209564
1.8208787441253662,0.0007883077112845124
1.8362598419189453,-0.0013422536705655873
1.8505594730377197,0.001853588402209564
1.8647758960723877,-0.0002769729796405357
1.8799617290496826,-0.002407534361490639
1.8937904834747314,-0.0002769729796405357
1.9093868732452393,0.0007883077112845124
1.9230315685272217,0.0007883077112845124
1.936999797821045,-0.0002769729796405357
1.950960636138916,-0.0013422536705655873
1.9692068099975586,0.0007883077112845124
1.9839365482330322,0.0007883077112845124
1.9975590705871582,0.0007883077112845124
2.0113186836242676,-0.002407534361490639
2.0250244140625,-0.0002769729796405357
2.0400168895721436,0.0007883077112845124
2.053915500640869,-0.0002769729796405357
2.067732334136963,0.0007883077112845124
2.0824027061462402,0.003984149784059664
2.096712112426758,0.001853588402209564
2.1119327545166016,-0.0002769729796405357
2.127720355987549,-0.0002769729796405357
2.1429860591888428,0.0007883077112845124
2.158473491668701,0.0007883077112845124
2.172208070755005,0.0007883077112845124
2.1860313415527344,-0.0013422536705655873
2.2025508880615234,0.0007883077112845124
2.219006299972534,-0.0002769729796405357
2.2332651615142822,0.003984149784059664
2.2473959922790527,-0.0013422536705655873
2.261284112930298,-0.0002769729796405357
2.27634334564209,-0.003472815052415687
2.2915027141571045,0.001853588402209564
2.3054606914520264,-0.0002769729796405357
2.319662570953369,0.0007883077112845124
2.3353004455566406,-0.002407534361490639
2.3501780033111572,0.006114711165909767
2.365438222885132,0.0007883077112845124
2.380478620529175,-0.0002769729796405357
2.3945629596710205,0.006114711165909767
2.4108726978302,0.007179991856834815
2.4268059730529785,0.0007883077112845124
2.4439213275909424,-0.003472815052415687
2.458735704421997,-0.002407534361490639
2.4737884998321533,-0.0002769729796405357
2.4960269927978516,0.0007883077112845124
2.5109715461730957,0.0029188690931346156
2.5249228477478027,0.001853588402209564
2.540241003036499,0.0007883077112845124
2.554960250854492,-0.0002769729796405357
2.5702755451202393,-0.0013422536705655873
2.584951877593994,0.003984149784059664
2.5993340015411377,0.001853588402209564
2.6153018474578857,-0.0002769729796405357
2.630470037460327,-0.002407534361490639
2.6445271968841553,0.001853588402209564
2.6606740951538086,0.0007883077112845124
2.6747167110443115,-0.002407534361490639
2.689371347427368,0.001853588402209564
2.7076303958892822,-0.0002769729796405357
2.7233150005340576,-0.003472815052415687
2.739422082901001,-0.0002769729796405357
2.753408670425415,-0.0013422536705655873
2.767162799835205,0.0007883077112845124
2.7821829319000244,0.0029188690931346156
2.7968270778656006,0.029550886366260874
2.8108010292053223,0.2521945507695964
2.826733350753784,0.45033675928165584
2.8427042961120605,0.32143779567972475
2.856691360473633,0.10198997334916432
2.8720667362213135,0.11903446440396512
2.8873958587646484,0.2564556735332967
2.901716709136963,0.34380869018915083
2.915695905685425,0.35978790055302656
2.9319841861724854,0.4237047420085296
2.9463751316070557,0.5494078635376856
2.9629034996032715,0.64528312572094
2.9765090942382812,0.644217845030015
2.991145133972168,0.5877579684109874
3.007220983505249,0.5749746001198868
3.022742509841919,0.5749746001198868
3.0383729934692383,0.5792357228835869
3.053603410720825,0.6271733539752142
3.0687365531921387,0.7677904051773209
3.083203077316284,0.8839060004881514
3.098053216934204,0.9222561053614532
3.1128106117248535,0.9584756488529049
3.1288812160491943,0.9851076661260311
3.1443142890930176,0.9978910344171318
3.158712863922119,1.0042827185626821
3.1727187633514404,1.0543509110361595
3.1869170665740967,1.1108107876551871
3.2028331756591797,1.1523567346012642
3.216709852218628,1.1789887518743905
3.2308809757232666,1.1939026815473412
3.244609832763672,1.2631459264574694
3.258537769317627,1.3536947851860988
3.2725536823272705,1.398436574204951
3.287917137145996,1.483659029478955
3.3016929626464844,1.5997746247897855
3.316023826599121,1.6679525890089886
3.33005690574646,1.672213711772689
3.346219778060913,1.6498428172632629
3.362135648727417,1.650908097954188
3.3765430450439453,1.6871276414456395
3.392979145050049,1.8415933416297718
3.4071743488311768,2.0727592515605076
3.42120099067688,2.295402915963843
3.4360296726226807,2.44028108992965
3.4501419067382812,2.4349546864750247
3.4639296531677246,2.4274977216385496
3.478900194168091,2.4956756858577527
3.492912769317627,2.6192482460050583
3.50789213180542,2.6522719474237353
3.52144193649292,2.569180053531581
3.535458564758301,2.4264324409476243
3.5499229431152344,2.33268774014622
3.56375789642334,2.335883582218995
3.5777158737182617,2.4072573885109736
3.5925514698028564,2.369972564328597
3.606663703918457,2.246400004181291
3.620659828186035,2.139871935088786
3.6353466510772705,2.0674328481058826
3.650986909866333,2.0099076907959295
3.6647908687591553,2.0269521818507306
3.6805779933929443,1.9001837796306498
3.696467161178589,1.7350652725372668
3.7107179164886475,1.4953771170791306
3.7252979278564453,1.3153446803127968
3.7391269207000732,1.1757929098016153
3.7529516220092773,0.9776507012895558
3.7668285369873047,0.770986247250096
3.781710386276245,0.5440814600830602
3.795835256576538,0.2766960066608726
3.811673164367676,0.05937874571216229
3.826869010925293,-0.0269089902527668
3.842541456222534,-0.00560337643426579
3.8589468002319336,-0.003472815052415687
3.874569892883301,-0.0002769729796405357
3.890331983566284,-0.0002769729796405357
3.9071362018585205,0.0007883077112845124
3.923572301864624,-0.002407534361490639
3.937469720840454,-0.0013422536705655873
3.9534826278686523,0.0007883077112845124
3.9673304557800293,0.0007883077112845124
3.981609344482422,-0.0013422536705655873
3.996948719024658,0.0007883077112845124
4.012001991271973,0.07961907883973826
4.027889013290405,0.0870760436762136
4.043484210968018,0.158449849968192
4.057654619216919,0.33954756742545056
4.074152946472168,0.6218469505205889
4.089443922042847,1.0639384372544851
4.103528022766113,1.5007035205337558
4.117775917053223,1.654103940026963
4.132914781570435,1.5827301337349846
4.147302627563477,1.5156174502067064
4.161407232284546,1.4506353280602784
4.175831317901611,1.422938030096227
4.189930438995361,1.6168191158445862
4.206602573394775,1.8501155871571724
4.22207236289978,1.9225546741400756
4.235867261886597,1.8245488505749712
4.251335620880127,1.760632009119468
4.265575170516968,1.7563708863557679
4.28157901763916,1.8756823237393736
4.296875715255737,2.1377413737069357
4.311516523361206,2.463717265130001
4.327284812927246,2.8088682089897175
4.342339038848877,2.9356366112097985
4.357076644897461,2.929244927064248
4.37178373336792,3.0102062595745522
4.3867106437683105,3.18065117012256
4.402400493621826,3.3404432737613177
4.418737173080444,3.388380904852945
4.433796405792236,3.341508554452243
4.449767827987671,3.278656993687665
4.4638049602508545,3.17212892459516
4.4779534339904785,3.093298153466706
4.493059873580933,3.093298153466706
4.50849723815918,3.1934345384136607
4.522680282592773,3.301027888197091
4.536744594573975,3.341508554452243
4.5509490966796875,3.239241608123438
4.565579891204834,3.1231260128126075
4.580391883850098,3.099689837612256
4.598550796508789,3.111407925212432
4.6129350662231445,3.110342644521507
4.626777172088623,3.0592091713571046
4.641248941421509,3.0006187333562266
4.655746698379517,2.8994170677183466
4.6707680225372314,2.7790403496438163
4.686351299285889,2.567049492149731
4.70102334022522,2.3465363891282456
4.716049909591675,2.1707650751256122
4.7299277782440186,2.019495217014255
4.743699073791504,1.9001837796306498
4.759272336959839,1.7712848160287185
4.773088216781616,1.760632009119468
4.787082195281982,1.994993761122979
4.800656080245972,2.1814178820348626
4.815119504928589,2.349732231201021
4.829365253448486,2.5052632120760783
4.846011638641357,2.588355105968232
4.860275745391846,2.5361563521129047
4.8749425411224365,2.399800423674498
4.891437292098999,2.3220349332369694
4.90524959564209,2.4530644582207506
4.919058561325073,2.6799692453877864
4.935287714004517,2.8759808925179957
4.949256420135498,2.975051996774025
4.964523553848267,2.9335060498279484
4.980177402496338,2.8450877524811693
4.994150638580322,2.665055315714836
5.009619474411011,2.4775659141120268
5.0245749950408936,2.314577968400494
5.0386574268341064,2.3028598808003187
5.052745580673218,2.395539300910798
5.0674028396606445,2.5532008431677053
5.08126425743103,2.6661205964057606
5.09617018699646,2.7044707012790625
5.110412836074829,2.685295648842412
5.124440908432007,2.5958120708047074
5.138262033462524,2.4978062472396028
5.1528401374816895,2.4040615464381982
5.166672229766846,2.4051268271291235
5.182024002075195,2.4956756858577527
5.195779085159302,2.6810345260787116
5.209794044494629,2.822716857971743
5.224196910858154,2.8940906642637216
5.238979339599609,2.881307295972621
5.25707483291626,2.7449513675342145
5.271744728088379,2.587289825277307
5.286243438720703,2.5755717376771314
5.300313472747803,2.6565330701874355
5.316431522369385,2.65120666673281
5.3309485912323,2.6171176846232083
5.345024347305298,2.5766370183680567
5.360328197479248,2.5755717376771314
5.374025821685791,2.5436133169493798
5.388281583786011,2.5095243348397784
5.4058215618133545,2.5148507382944034
5.42034125328064,2.548939720404005
5.434401035308838,2.5318952293492045
5.44862699508667,2.454129738911676
5.46264123916626,2.376364248474147
5.477689504623413,2.3380141436008453
5.491729497909546,2.309251564945869
5.506692171096802,2.210180460689839
5.52206015586853,2.12176216334306
5.536281108856201,2.057845321887557
5.55564546585083,1.9406644458858016
5.570615291595459,1.868225358902898
5.584397077560425,1.8202877278112708
5.598391771316528,1.8309405347205214
5.612987518310547,1.847985025775322
5.626848459243774,1.8703559202847482
5.642424583435059,1.9193588320673005
5.657487154006958,1.9182935513763755
5.671560287475586,1.905510183085275
5.688081741333008,1.9481214107222768
5.703295946121216,1.9310769196674762
5.717079401016235,1.9992548838866793
5.730801820755005,2.0429313922146064
5.745162725448608,2.0642370060331072
5.759641885757446,2.0727592515605076
5.773674726486206,2.015234094250555
5.788060188293457,1.950251972104127
5.802329063415527,1.9193588320673005
5.816283941268921,1.8692906395938231
5.831589221954346,1.79898211399277
5.845455169677734,1.716955500791541
5.859974145889282,1.651973378645113
5.873542785644531,1.6200149579173613
5.888658046722412,1.7031068518095154
5.902756690979004,1.8160266050475706
5.917306423187256,1.868225358902898
5.931434631347656,1.8746170430484483
5.946244478225708,1.8586378326845727
5.964251756668091,1.8426586223206969
5.980102300643921,1.8735517623575233
5.994655132293701,1.883139288575849
6.01098370552063,1.823483569884046
6.025003671646118,1.7094985359550656
6.04060697555542,1.5837954144259097
6.05765962600708,1.3877837672957003
6.072109937667847,1.2247958215841677
6.08844256401062,1.086309331763911
6.102906942367554,0.876449035651676
6.11932635307312,0.7049388444127429
6.133600234985352,0.3960074440444783
6.149004936218262,0.23195421764202048
6.163059711456299,0.21810556865999484
6.178188323974609,0.3502003743347011
6.192757844924927,0.5302328111010346
6.206679344177246,0.7677904051773209
6.221642971038818,0.9861729468169561
6.23603367805481,1.0287841744539583
6.24979829788208,0.9478228419436544
6.26389479637146,0.8072057907415477
6.277592182159424,0.6378261608844646
6.292157411575317,0.454597882045356
6.30616307258606,0.31930723429787466
6.3213958740234375,0.22875837556924533
6.337365388870239,0.21704028796906977
6.351184606552124,0.2777612873517976
6.364871263504028,0.2745654452790225
6.380064010620117,0.22556253349647018
6.394213438034058,0.14140535891339118
6.408711910247803,0.0870760436762136
6.423544883728027,0.09027188574898876
6.437959432601929,0.13714423614969098
6.451743841171265,0.20638748105981927
6.466516017913818,0.2500639893877463
6.482231140136719,0.21597500727814473
6.4961090087890625,0.14673176236801644
6.511967897415161,0.0913371664399138
6.5263097286224365,0.12116502578581523
6.541648864746094,0.1733637796411427
6.5560619831085205,0.19573467415056878
6.570265769958496,0.23301949833294552
6.584882497787476,0.2596515156060718
6.599084377288818,0.2564556735332967
6.6135094165802,0.2074527617507443
6.629017353057861,0.12329558716766534
6.644119024276733,0.05937874571216229
6.65798807144165,0.046595377421061686
6.674364805221558,0.1328831133859908
6.6879189014434814,0.28841409426104814
6.701707363128662,0.3608531812439516
6.716654062271118,0.3715059881532021
6.730549573898315,0.27882656804272266
6.744836330413818,0.17016793756836754
6.760978698730469,0.07855379814881319
6.775406360626221,0.05937874571216229
6.789406776428223,0.10092469265823925
6.803133726119995,0.13394839407691583
6.818134069442749,0.09985941196731421
6.832829475402832,-0.015190902652591244
6.849290370941162,0.001853588402209564
6.863311529159546,0.007179991856834815
6.877660274505615,0.0636398684758625
6.892131805419922,0.1754943410229928
6.9073708057403564,0.2415417438603459
6.921409368515015,0.22556253349647018
6.936182498931885,0.158449849968192
6.952270984649658,0.08174964022158834
6.967323541641235,0.07535795607603804
6.98257040977478,0.1499276044407916
6.9968507289886475,0.20212635829611908
7.011125326156616,0.18295130585946814
7.027256965637207,0.10731637680378955
7.042672395706177,-0.010929779888891045
7.057049036026001,-0.0002769729796405357
7.0723183155059814,-0.003472815052415687
7.08714747428894,-0.003472815052415687
7.101817846298218,0.005049430474984715
7.119746923446655,0.007179991856834815
7.134115695953369,0.01250639531146007
7.1500091552734375,0.039138412584586335
7.163655757904053,0.06896627193048774
7.179892063140869,0.12116502578581523
7.194851398468018,0.12116502578581523
7.208650588989258,0.10518581542193947
7.227386951446533,0.1264914292404405
7.245996713638306,0.18934299000501845
7.260042667388916,0.2447375859331211
7.274113655090332,0.2500639893877463
7.289992332458496,0.2276930948783203
7.304581880569458,0.2276930948783203
7.3188090324401855,0.1627109727318922
7.33429479598999,0.11690390302211504
7.349500417709351,0.04126897396643643
7.3633949756622314,-0.003472815052415687
7.378997802734375,-0.004538095743340739
7.392665386199951,-0.003472815052415687
7.406689882278442,-0.006668657125190838
7.421363592147827,-0.010929779888891045
7.435583829879761,-0.008799218507040941
7.449317932128906,0.011441114620535018
7.464422941207886,0.03061616705718593
7.4790122509002686,0.01676751807516027
7.492932081222534,0.005049430474984715
7.511224269866943,0.0029188690931346156
7.5248634815216064,-0.004538095743340739
7.538965225219727,-0.004538095743340739
7.5552167892456055,-0.003472815052415687
7.568784713745117,0.0007883077112845124
7.582962989807129,0.0007883077112845124
7.596728801727295,0.0029188690931346156
7.610568523406982,-0.0013422536705655873
7.625438451766968,-0.002407534361490639
7.63957667350769,-0.003472815052415687
7.655456066131592,0.0007883077112845124
7.669321537017822,-0.0002769729796405357
7.683384418487549,0.001853588402209564
7.698850870132446,-0.0002769729796405357
7.712595462799072,-0.0013422536705655873
7.727022171020508,-0.002407534361490639
7.7418975830078125,0.0007883077112845124
7.756478786468506,-0.0013422536705655873
7.770397186279297,0.0007883077112845124
7.784396409988403,0.001853588402209564
7.799290895462036,-0.0013422536705655873
7.813274621963501,-0.0002769729796405357
7.8270604610443115,-0.0002769729796405357
7.841719150543213,-0.0002769729796405357
7.855782985687256,0.0007883077112845124
7.869448900222778,-0.003472815052415687
7.884011268615723,0.0007883077112845124
7.897951126098633,-0.0002769729796405357
7.9129438400268555,-0.0013422536705655873
7.92668080329895,0.0007883077112845124
7.940462112426758,-0.0013422536705655873
7.956032991409302,-0.0013422536705655873
7.969620943069458,-0.0013422536705655873
7.983432292938232,-0.0002769729796405357
7.998818397521973,0.0007883077112845124
8.013393878936768,-0.0013422536705655873
8.027190923690796,-0.0013422536705655873
8.042139530181885,0.0007883077112845124
8.055850744247437,-0.0002769729796405357
8.069691181182861,-0.0002769729796405357
8.084271907806396,-0.0002769729796405357
8.099408864974976,-0.0013422536705655873
8.113457441329956,0.0007883077112845124
8.128567695617676,-0.0002769729796405357
8.142674207687378,-0.0013422536705655873
8.156792402267456,-0.002407534361490639
8.172324895858765,-0.002407534361490639
8.186315536499023,0.001853588402209564
8.200269937515259,-0.0013422536705655873
8.215163230895996,-0.0002769729796405357
8.230183839797974,-0.002407534361490639
8.244216918945312,-0.0002769729796405357
8.26026177406311,0.0007883077112845124
8.274861574172974,-0.0002769729796405357
8.288640975952148,-0.0013422536705655873
8.303573846817017,-0.0013422536705655873
8.318256616592407,0.001853588402209564
8.334194660186768,-0.0013422536705655873
8.349512338638306,0.0007883077112845124
8.363589763641357,0.0007883077112845124
8.378356218338013,0.0007883077112845124
8.392381429672241,0.0007883077112845124
8.406639337539673,-0.0002769729796405357
8.42284107208252,0.0007883077112845124
8.436847925186157,0.0029188690931346156
8.451103687286377,-0.0013422536705655873
8.466302156448364,-0.0013422536705655873
8.480164051055908,0.0007883077112845124
8.494349956512451,-0.0013422536705655873
8.50943398475647,-0.002407534361490639
8.524672031402588,-0.0002769729796405357
8.53879690170288,-0.0002769729796405357
8.555797338485718,-0.002407534361490639
8.570569515228271,-0.0002769729796405357
8.592194557189941,0.0007883077112845124
8.606139659881592,-0.0002769729796405357
8.623167991638184,-0.0013422536705655873
8.637391328811646,-0.002407534361490639
8.652305126190186,0.005049430474984715
8.666698455810547,0.001853588402209564
8.680978536605835,-0.0002769729796405357
8.700724840164185,0.001853588402209564
8.714812517166138,-0.0013422536705655873
8.728990316390991,-0.0013422536705655873
8.745475053787231,0.0007883077112845124
8.76278829574585,0.0029188690931346156
8.77874493598938,0.0007883077112845124
8.793545961380005,0.0007883077112845124
8.808583498001099,-0.0013422536705655873
8.823862075805664,-0.002407534361490639
8.83902883529663,-0.0013422536705655873
8.852848529815674,-0.002407534361490639
8.866659879684448,-0.002407534361490639
8.882092952728271,0.003984149784059664
8.8975830078125,-0.002407534361490639
8.913063287734985,0.0007883077112845124
8.92691707611084,-0.0002769729796405357
8.940544366836548,-0.002407534361490639
8.956119537353516,0.001853588402209564
8.970134735107422,-0.0013422536705655873
8.985945701599121,0.001853588402209564
9.000340700149536,0.0007883077112845124
9.01596999168396,0.0007883077112845124
9.030736207962036,0.0007883077112845124
9.044858455657959,-0.0002769729796405357
9.059579372406006,0.0007883077112845124
9.073477029800415,-0.0002769729796405357
9.087546348571777,0.001853588402209564
9.103046178817749,0.001853588402209564
9.117522954940796,-0.003472815052415687
9.132710933685303,0.0007883077112845124
9.147552967071533,-0.0013422536705655873
9.16171145439148,-0.0002769729796405357
9.176100969314575,0.001853588402209564
9.191282033920288,0.001853588402209564
9.205394744873047,0.0029188690931346156
9.22798776626587,-0.0002769729796405357
9.242517232894897,-0.0002769729796405357
9.258617877960205,-0.0002769729796405357
9.272988319396973,0.0007883077112845124
9.288026332855225,0.0007883077112845124
9.303772449493408,-0.0013422536705655873
9.319092273712158,0.0007883077112845124
9.333008766174316,-0.003472815052415687
9.346743106842041,-0.0002769729796405357
9.361759901046753,0.0007883077112845124
9.37559700012207,0.001853588402209564
9.389179468154907,0.0029188690931346156
9.402993202209473,-0.0002769729796405357
9.417288064956665,-0.002407534361490639
9.432403087615967,-0.0013422536705655873
9.446857929229736,0.0007883077112845124
9.461127281188965,-0.0013422536705655873
9.476327180862427,0.001853588402209564
9.49237585067749,-0.0002769729796405357
9.506745100021362,-0.0013422536705655873
9.523061275482178,-0.002407534361490639
9.537042140960693,0.001853588402209564
9.55215048789978,0.001853588402209564
9.566917419433594,0.001853588402209564
9.58167552947998,-0.0013422536705655873
9.595435857772827,0.0029188690931346156
9.610791683197021,-0.003472815052415687
9.625756978988647,-0.0002769729796405357
9.639736413955688,-0.0002769729796405357
9.657206535339355,-0.002407534361490639
9.671746969223022,-0.0002769729796405357
9.685596466064453,0.0029188690931346156
9.69928765296936,-0.002407534361490639
9.712840795516968,0.0007883077112845124
9.727712631225586,0.001853588402209564
9.741979598999023,0.001853588402209564
9.758084297180176,0.0007883077112845124
9.772986888885498,0.0029188690931346156
9.787362098693848,-0.0013422536705655873
9.801334857940674,0.0007883077112845124
9.815029621124268,-0.0002769729796405357
9.828819036483765,-0.0002769729796405357
9.84327220916748,-0.0013422536705655873
9.857420682907104,-0.0002769729796405357
9.871504783630371,-0.002407534361490639
9.88754916191101,-0.0002769729796405357
9.901649236679077,0.0007883077112845124
9.915681838989258,-0.0013422536705655873
9.930104732513428,0.0007883077112845124
9.945284843444824,-0.0002769729796405357
9.959511280059814,0.0007883077112845124
9.973253965377808,0.001853588402209564
9.98841667175293,-0.002407534361490639
10.002567052841187,-0.002407534361490639
10.017080068588257,0.0007883077112845124
10.03207540512085,0.0007883077112845124
10.046182870864868,0.0007883077112845124
10.059983968734741,0.0007883077112845124
10.074777841567993,-0.002407534361490639
10.088633060455322,-0.0002769729796405357
10.103702068328857,-0.0013422536705655873
10.117289066314697,0.0007883077112845124
10.131569385528564,0.0029188690931346156
10.147464275360107,-0.0013422536705655873
10.162257432937622,0.0029188690931346156
10.176779985427856,-0.0013422536705655873
10.191009044647217,-0.0002769729796405357
10.20648455619812,-0.0002769729796405357
10.224096059799194,0.0007883077112845124
10.240156650543213,-0.002407534361490639
10.25484848022461,-0.0002769729796405357
10.270870685577393,0.0007883077112845124
10.289618253707886,-0.0013422536705655873
10.30375599861145,-0.0013422536705655873
10.317889928817749,-0.0013422536705655873
10.333362579345703,0.001853588402209564
10.348067998886108,0.0007883077112845124
10.362580060958862,-0.0002769729796405357
10.376275539398193,0.0007883077112845124
10.390111684799194,-0.0002769729796405357
10.40427565574646,0.001853588402209564
10.418526887893677,0.0029188690931346156
10.434592247009277,-0.002407534361490639
10.448934555053711,0.0029188690931346156
10.462873935699463,-0.0013422536705655873
10.477664709091187,-0.0013422536705655873
10.491514921188354,-0.002407534361490639
10.505472660064697,-0.0002769729796405357
10.519258737564087,0.0007883077112845124
10.53300952911377,-0.0002769729796405357
10.547198295593262,-0.0013422536705655873
10.561699390411377,0.0029188690931346156
10.576423406600952,-0.003472815052415687
10.590344190597534,-0.0013422536705655873
10.60898232460022,0.0007883077112845124
10.622581958770752,-0.002407534361490639
10.636810779571533,-0.0013422536705655873
10.652130603790283,-0.0002769729796405357
10.66623306274414,0.0007883077112845124
10.680038452148438,-0.002407534361490639
10.70041561126709,0.001853588402209564
10.716374158859253,0.0029188690931346156
10.735118627548218,-0.0013422536705655873
10.748644351959229,-0.0013422536705655873
10.763143301010132,-0.002407534361490639
10.776950359344482,0.0029188690931346156
10.792024374008179,-0.0002769729796405357
10.806208848953247,-0.0013422536705655873
10.820139646530151,-0.002407534361490639
10.833882093429565,0.0007883077112845124
10.85049033164978,0.001853588402209564
10.86618709564209,-0.0002769729796405357
10.880351305007935,-0.0013422536705655873
10.894806861877441,0.0007883077112845124
10.910354137420654,-0.002407534361490639
10.927368879318237,-0.0013422536705655873
10.94145941734314,-0.0013422536705655873
10.956482648849487,0.0007883077112845124
10.971004724502563,-0.003472815052415687
10.985801219940186,-0.0002769729796405357
11.002002000808716,0.001853588402209564
11.017194747924805,-0.002407534361490639
11.033058166503906,-0.002407534361490639
11.048589706420898,-0.003472815052415687
11.062695980072021,0.0007883077112845124
11.076798915863037,-0.0013422536705655873
11.091453075408936,-0.0002769729796405357
11.105381727218628,0.001853588402209564
11.119313716888428,0.0007883077112845124
11.136098623275757,0.0007883077112845124
11.150506019592285,0.0007883077112845124
11.166679859161377,0.001853588402209564
11.181262493133545,-0.0013422536705655873
11.195788860321045,0.0029188690931346156
11.21229076385498,-0.0002769729796405357
11.226950407028198,-0.0002769729796405357
11.240780353546143,-0.0013422536705655873
11.25639796257019,-0.0013422536705655873
11.271490335464478,0.001853588402209564
11.285342454910278,0.003984149784059664
11.300512790679932,-0.0002769729796405357
11.314694166183472,-0.002407534361490639
11.329046726226807,0.001853588402209564
11.344365358352661,-0.0013422536705655873
11.358734846115112,-0.0002769729796405357
11.372804403305054,-0.0002769729796405357
11.386536836624146,0.001853588402209564
11.400444507598877,-0.0002769729796405357
11.416313171386719,-0.0002769729796405357
11.430046081542969,0.0007883077112845124
11.445279836654663,-0.0002769729796405357
11.46080732345581,-0.0013422536705655873
11.474875211715698,-0.0002769729796405357
11.48892092704773,0.0007883077112845124
11.503643274307251,-0.0013422536705655873
11.517990112304688,-0.0013422536705655873
11.532438516616821,-0.0002769729796405357
11.546529054641724,-0.0002769729796405357
11.561038732528687,-0.002407534361490639
11.576349973678589,0.001853588402209564
11.593454122543335,0.0007883077112845124
11.609331846237183,-0.0002769729796405357
11.627097129821777,0.0007883077112845124
11.643603801727295,0.0007883077112845124
11.65829086303711,-0.0002769729796405357
11.672728300094604,0.005049430474984715
11.68785047531128,0.0007883077112845124
11.702336549758911,-0.002407534361490639
11.719253778457642,-0.0002769729796405357
11.735256671905518,-0.0002769729796405357
11.74952220916748,-0.003472815052415687
11.763664722442627,-0.002407534361490639
11.778037786483765,-0.0002769729796405357
11.793789863586426,0.0007883077112845124
11.810032606124878,0.0007883077112845124
11.823943853378296,0.001853588402209564
11.84042501449585,-0.0002769729796405357
11.854817390441895,0.0029188690931346156
11.870572566986084,-0.0013422536705655873
11.88623833656311,-0.0002769729796405357
11.901777029037476,-0.0002769729796405357
11.916130542755127,-0.0002769729796405357
11.934859275817871,0.0007883077112845124
11.950451850891113,-0.0002769729796405357
11.964657545089722,-0.0002769729796405357
11.980044841766357,-0.002407534361490639
11.994197368621826,-0.0013422536705655873
12.010372877120972,-0.0013422536705655873
12.02627182006836,0.001853588402209564
12.04075288772583,-0.002407534361490639
12.05581521987915,0.0007883077112845124
12.070776224136353,-0.0013422536705655873
12.085047960281372,-0.0013422536705655873
12.099492311477661,0.0007883077112845124
12.113529443740845,-0.0002769729796405357
12.127816677093506,-0.0002769729796405357
12.143503189086914,-0.0013422536705655873
12.157546758651733,-0.0013422536705655873
12.172057867050171,0.0029188690931346156
12.190407752990723,-0.0002769729796405357
12.205172777175903,0.001853588402209564
12.219769477844238,0.003984149784059664
12.23689341545105,-0.0002769729796405357
12.250909090042114,-0.0013422536705655873
12.264838933944702,0.0007883077112845124
12.28068208694458,-0.0002769729796405357
12.29727292060852,-0.0002769729796405357
12.311809539794922,-0.0002769729796405357
12.3257155418396,-0.002407534361490639
12.33942174911499,0.001853588402209564
12.354897737503052,-0.0002769729796405357
12.37166690826416,0.0007883077112845124
12.385774374008179,0.001853588402209564
12.40043044090271,-0.0002769729796405357
12.416402816772461,0.0007883077112845124
12.430361986160278,-0.0002769729796405357
12.444166898727417,0.0007883077112845124
12.458050966262817,-0.0013422536705655873
12.473095893859863,-0.0002769729796405357
12.48692512512207,0.0007883077112845124
12.500779867172241,0.001853588402209564
12.514604330062866,-0.0013422536705655873
12.528557538986206,-0.0002769729796405357
12.542970180511475,-0.002407534361490639
12.5570707321167,-0.0002769729796405357
12.571220636367798,-0.0013422536705655873
12.586218118667603,-0.0002769729796405357
12.601403713226318,0.0029188690931346156
12.615831851959229,-0.0013422536705655873
12.631591320037842,0.0007883077112845124
12.645480871200562,-0.002407534361490639
12.660552263259888,0.0007883077112845124
12.675760746002197,0.0007883077112845124
12.689532279968262,-0.0002769729796405357
12.704880237579346,0.001853588402209564
12.719112396240234,0.0007883077112845124
12.732810258865356,-0.0002769729796405357
12.7480149269104,0.001853588402209564
12.762676239013672,-0.0002769729796405357
12.778038024902344,-0.0002769729796405357
12.791746139526367,0.0007883077112845124
12.805782079696655,0.0007883077112845124
12.820464611053467,-0.0002769729796405357
12.835241317749023,-0.002407534361490639
12.849065065383911,0.0007883077112845124
12.863022804260254,-0.0002769729796405357
12.877647399902344,0.0007883077112845124
12.891685009002686,-0.002407534361490639
12.906508684158325,0.0007883077112845124
12.920841217041016,0.0007883077112845124
12.935085535049438,-0.0002769729796405357
12.948788166046143,-0.0002769729796405357
12.963881969451904,-0.0013422536705655873
12.97799038887024,0.0007883077112845124
12.992810010910034,0.001853588402209564
13.008692264556885,-0.0002769729796405357
13.022652387619019,-0.0013422536705655873
13.037743091583252,0.0029188690931346156
13.054102182388306,-0.0002769729796405357
13.0683274269104,0.0007883077112845124
13.082332611083984,-0.0002769729796405357
13.096011638641357,-0.0002769729796405357
13.112032413482666,0.001853588402209564
13.125763177871704,-0.0002769729796405357
13.139317750930786,-0.0002769729796405357
13.15372920036316,-0.0002769729796405357
13.168842315673828,0.0007883077112845124
13.184329748153687,0.0007883077112845124
13.198524713516235,-0.0013422536705655873
13.213707208633423,-0.002407534361490639
13.230011224746704,0.0007883077112845124
13.244932174682617,0.0007883077112845124
13.259371995925903,-0.0002769729796405357
13.274593114852905,-0.0002769729796405357
13.28904128074646,-0.003472815052415687
13.30407452583313,0.0007883077112845124
13.318045616149902,-0.002407534361490639
13.332408905029297,-0.0013422536705655873
13.347680568695068,0.001853588402209564
13.363423347473145,-0.0002769729796405357
13.37743878364563,-0.0002769729796405357
13.392999172210693,-0.0013422536705655873
13.407825946807861,0.0007883077112845124
13.42205286026001,0.001853588402209564
13.436745882034302,-0.0013422536705655873
13.451046466827393,-0.002407534361490639
13.464793920516968,-0.003472815052415687
13.480406761169434,-0.0013422536705655873
13.495410919189453,0.0007883077112845124
13.509704351425171,0.0007883077112845124
13.525452136993408,-0.0002769729796405357
13.540094375610352,-0.0002769729796405357
13.554913520812988,0.001853588402209564
13.569519996643066,0.0007883077112845124
13.584043264389038,0.0007883077112845124
13.603039979934692,0.001853588402209564
13.618494987487793,-0.0013422536705655873
13.632596492767334,-0.0002769729796405357
13.647114753723145,-0.0013422536705655873
13.663984298706055,0.0007883077112845124
13.680771827697754,-0.0002769729796405357
13.697175025939941,-0.0013422536705655873
13.712591886520386,-0.0013422536705655873
13.730072975158691,-0.0002769729796405357
13.744460105895996,-0.002407534361490639
13.759846210479736,-0.0002769729796405357
13.77364182472229,-0.0002769729796405357
13.78778862953186,0.0007883077112845124
13.801807641983032,-0.0013422536705655873
13.817880392074585,0.001853588402209564
13.832568168640137,0.0007883077112845124
13.846671342849731,-0.0013422536705655873
13.861475467681885,-0.0002769729796405357
13.875706195831299,0.0007883077112845124
13.889674663543701,0.001853588402209564
13.90474247932434,0.001853588402209564
13.91957426071167,-0.002407534361490639
13.933701276779175,0.0029188690931346156
13.947477340698242,0.0007883077112845124
13.963923215866089,0.0007883077112845124
13.979669570922852,-0.0002769729796405357
13.99347734451294,-0.0002769729796405357
14.007445573806763,-0.0013422536705655873
14.024734497070312,-0.0013422536705655873
14.041323184967041,0.0007883077112845124
14.056740045547485,-0.003472815052415687
14.071711301803589,0.0029188690931346156
14.089505672454834,-0.0013422536705655873
14.103490591049194,-0.0002769729796405357
14.118663549423218,-0.0013422536705655873
14.137382745742798,-0.002407534361490639
14.152497291564941,-0.0013422536705655873
14.170836210250854,0.0007883077112845124
14.185537576675415,-0.0002769729796405357
14.200342655181885,-0.0002769729796405357
14.215619087219238,0.001853588402209564
14.230828285217285,-0.0002769729796405357
14.244778871536255,-0.0002769729796405357
14.258755207061768,0.001853588402209564
14.27302074432373,-0.0013422536705655873
14.286806344985962,0.0007883077112845124
14.301370859146118,0.0007883077112845124
14.315201759338379,-0.0013422536705655873
14.32905888557434,-0.0013422536705655873
14.34392523765564,-0.0002769729796405357
14.357944011688232,0.001853588402209564
14.372161149978638,-0.0013422536705655873
14.386336326599121,-0.0002769729796405357
14.400497436523438,0.0007883077112845124
14.415717840194702,-0.0002769729796405357
14.431452751159668,-0.0002769729796405357
14.446157217025757,-0.0002769729796405357
14.462197303771973,0.0007883077112845124
14.476337671279907,0.001853588402209564
14.491039991378784,0.0029188690931346156
14.50642466545105,0.001853588402209564
14.521895408630371,-0.0002769729796405357
14.536108255386353,-0.0002769729796405357
14.551035165786743,-0.0002769729796405357
14.566273927688599,-0.0002769729796405357
14.580825805664062,-0.0013422536705655873
14.595906972885132,-0.0013422536705655873
14.611097574234009,0.0007883077112845124
14.62541937828064,0.001853588402209564
14.64127779006958,0.0007883077112845124
14.65511155128479,-0.0002769729796405357
14.669297456741333,-0.0002769729796405357
14.683990955352783,-0.003472815052415687
14.698704242706299,0.001853588402209564
14.712454795837402,0.001853588402209564
14.727910995483398,0.001853588402209564
14.742427110671997,-0.0002769729796405357
14.756452322006226,0.001853588402209564
14.770333290100098,0.001853588402209564
14.784342765808105,0.001853588402209564
14.798227548599243,0.0007883077112845124
14.81307339668274,-0.0002769729796405357
14.82828426361084,-0.0002769729796405357
