Time,Diff Angle,Left Motor Speed,Right Motor Speed
0.001215219497680664,0,41.842,41.842
0.020902156829833984,1,41.400999999999996,41.4285
0.03987550735473633,1,41.400999999999996,41.4285
0.06016182899475098,0,41.842,41.842
0.07872819900512695,1,41.400999999999996,41.4285
0.0984964370727539,1,41.400999999999996,41.4285
0.12039566040039062,0,41.842,41.842
0.1392378807067871,1,41.400999999999996,41.4285
0.1559000015258789,1,41.400999999999996,41.4285
0.17170357704162598,-1,41.842,41.842
0.19133853912353516,0,41.842,41.842
0.2165522575378418,2,41.400999999999996,41.4285
0.23282766342163086,2,41.400999999999996,41.4285
0.2491159439086914,2,41.400999999999996,41.4285
0.2702205181121826,0,41.842,41.842
0.2868680953979492,1,41.400999999999996,41.4285
0.3130195140838623,1,41.400999999999996,41.4285
0.3308589458465576,0,41.842,41.842
0.34760332107543945,1,41.400999999999996,41.4285
0.36592626571655273,2,41.400999999999996,41.4285
0.3849971294403076,1,41.400999999999996,41.4285
0.4002077579498291,3,41.400999999999996,41.4285
0.4226541519165039,1,41.400999999999996,41.4285
0.4401259422302246,1,41.400999999999996,41.4285
0.4559648036956787,0,41.842,41.842
0.476794958114624,1,41.400999999999996,41.4285
0.49707794189453125,2,41.400999999999996,41.4285
0.5179705619812012,1,41.400999999999996,41.4285
0.53371262550354,1,41.400999999999996,41.4285
0.5517961978912354,3,41.400999999999996,41.4285
0.5701265335083008,1,41.400999999999996,41.4285
0.5945792198181152,2,41.400999999999996,41.4285
0.6108493804931641,1,41.400999999999996,41.4285
0.6337392330169678,1,41.400999999999996,41.4285
0.6538565158843994,1,41.400999999999996,41.4285
0.6769134998321533,3,41.400999999999996,41.4285
0.6996936798095703,3,41.400999999999996,41.4285
0.7148947715759277,2,41.400999999999996,41.4285
0.736177921295166,3,41.400999999999996,41.4285
0.7526497840881348,2,41.400999999999996,41.4285
0.7755820751190186,3,41.400999999999996,41.4285
0.7931544780731201,3,41.400999999999996,41.4285
0.8092520236968994,3,41.400999999999996,41.4285
0.8281254768371582,3,41.400999999999996,41.4285
0.8506665229797363,2,41.400999999999996,41.4285
0.8672764301300049,3,41.400999999999996,41.4285
0.8834359645843506,2,41.400999999999996,41.4285
0.8992066383361816,3,41.400999999999996,41.4285
0.9146394729614258,3,41.400999999999996,41.4285
0.9311521053314209,2,41.400999999999996,41.4285
0.9506690502166748,3,41.400999999999996,41.4285
0.969144344329834,4,23.582,40.214
0.9875531196594238,3,41.400999999999996,41.4285
1.003763198852539,3,41.400999999999996,41.4285
1.0191223621368408,4,23.582,40.214
1.0401206016540527,2,41.400999999999996,41.4285
1.0580329895019531,3,41.400999999999996,41.4285
1.0742363929748535,2,41.400999999999996,41.4285
1.089914321899414,3,41.400999999999996,41.4285
1.1081428527832031,2,41.400999999999996,41.4285
1.1274421215057373,2,41.400999999999996,41.4285
1.1482994556427002,1,41.400999999999996,41.4285
1.1655676364898682,3,41.400999999999996,41.4285
1.1837067604064941,2,41.400999999999996,41.4285
1.2024438381195068,2,41.400999999999996,41.4285
1.2217543125152588,2,41.400999999999996,41.4285
1.240647554397583,3,41.400999999999996,41.4285
1.2611117362976074,1,41.400999999999996,41.4285
1.276810646057129,-1,41.842,41.842
1.2963571548461914,-1,41.842,41.842
1.3126027584075928,0,41.842,41.842
1.3396787643432617,-3,41.842,41.842
1.3567724227905273,-3,41.842,41.842
1.3748221397399902,-5,41.4285,41.400999999999996
1.3934497833251953,-5,41.4285,41.400999999999996
1.410595178604126,-8,40.214,23.582
1.4266211986541748,-10,40.214,23.582
1.4430053234100342,-11,41.9775,16.4935
1.4584922790527344,-11,41.9775,16.4935
1.4761321544647217,-12,41.9775,16.4935
1.4956207275390625,-15,41.972500000000004,16.491500000000002
1.5145702362060547,-17,41.972500000000004,16.491500000000002
1.5331416130065918,-19,41.955,16.485
1.5485889911651611,-19,41.955,16.485
1.5734212398529053,-22,41.900999999999996,16.464000000000002
1.590791940689087,-23,41.900999999999996,16.464000000000002
1.6087095737457275,-26,41.721000000000004,16.387
1.6286005973815918,-25,41.900999999999996,16.464000000000002
1.6434729099273682,-27,41.721000000000004,16.387
1.6590733528137207,-28,41.721000000000004,16.387
1.6772406101226807,-30,41.196,16.131
1.69887113571167,-31,41.196,16.131
1.7173385620117188,-31,41.196,16.131
1.7324738502502441,-31,41.196,16.131
1.7476119995117188,-33,39.733000000000004,15.351
1.7713663578033447,-34,39.733000000000004,15.351
1.7924962043762207,-35,39.733000000000004,15.351
1.8131070137023926,-35,39.733000000000004,15.351
1.8292357921600342,-37,35.5435,12.6045
1.849839448928833,-38,35.5435,12.6045
1.8745555877685547,-38,35.5435,12.6045
1.8946638107299805,-39,35.5435,12.6045
1.9140584468841553,-41,29.004,6.576
1.932159185409546,-42,29.004,6.576
1.9568443298339844,-42,29.004,6.576
1.972973108291626,-42,29.004,6.576
1.9887700080871582,-42,29.004,6.576
2.004887342453003,-44,25.693500000000004,2.48895
2.029911518096924,-45,25.693500000000004,2.48895
2.0504300594329834,-45,25.693500000000004,2.48895
2.065772771835327,-46,25.693500000000004,2.48895
2.0849406719207764,-46,25.693500000000004,2.48895
2.1003646850585938,-45,25.693500000000004,2.48895
2.1151838302612305,-45,25.693500000000004,2.48895
2.137946605682373,-48,25.072499999999998,1.54035
2.159653902053833,-47,25.072499999999998,1.54035
2.176170825958252,-47,25.072499999999998,1.54035
2.196376085281372,-48,25.072499999999998,1.54035
2.2116081714630127,-49,25.072499999999998,1.54035
2.2306716442108154,-49,25.072499999999998,1.54035
2.2460994720458984,-50,25.072499999999998,1.54035
2.2612464427948,-51,25.0055,0.0
2.313776969909668,-53,25.0055,0.0
2.3294522762298584,-55,25.0005,0.0
2.346862554550171,-55,25.0005,0.0
2.3624489307403564,-55,25.0005,0.0
2.378418445587158,-57,25.0005,0.0
2.3972203731536865,-57,25.0005,0.0
2.4148716926574707,-58,25.0,0.0
2.431583881378174,-60,25.0,0.0
2.449490547180176,-60,25.0,0.0
2.464850425720215,-61,25.0,0.0
2.4802422523498535,-63,25.0,0.0
2.495537519454956,-64,25.0,0.0
2.5133869647979736,-65,25.0,1.6050499999999999
2.5372939109802246,-67,25.0,1.6050499999999999
2.558112144470215,-69,25.0,1.7785
2.655545234680176,-77,25.0,2.0951999999999997
2.6752777099609375,-79,25.0,2.0951999999999997
2.6935834884643555,-80,25.0,2.0675499999999998
2.715404510498047,-82,25.0,2.0675499999999998
2.7516531944274902,-85,25.0,1.9026
2.7674832344055176,-86,25.0,1.9026
2.7934134006500244,-89,25.0,1.74605
2.810532569885254,-90,25.0,1.5972
2.8259050846099854,-90,25.0,1.5972
2.8946757316589355,-95,25.0,0.0
2.9096834659576416,-96,25.0,0.0
2.9248640537261963,-98,25.0,0.0
2.9428510665893555,-98,25.0,0.0
2.965226650238037,-100,25.0,0.0
2.9972596168518066,-101,25.0,0.0
3.0120861530303955,-102,25.0,0.0
3.0295820236206055,-103,25.0,0.0
3.044894218444824,-104,25.0,0.0
3.0636425018310547,-105,25.0,0.0
3.1106350421905518,-107,25.0,0.0
3.130249261856079,-108,25.0,0.0
3.14912486076355,-109,25.0,0.0
3.1650424003601074,-110,25.0,0.0
3.1826212406158447,-111,25.0,0.0
3.2057554721832275,-111,25.0,0.0
3.223362922668457,-113,25.0,0.0
3.239081859588623,-113,25.0,0.0
3.2551076412200928,-114,25.0,0.0
3.325035572052002,-117,25.0,0.0
3.341527223587036,-118,25.0,0.0
3.360023260116577,-118,25.0,0.0
3.3803040981292725,-118,25.0,0.0
3.3974449634552,-120,25.0,0.0
3.511115550994873,-123,25.0,0.0
3.530735492706299,-123,25.0,0.0
3.5480716228485107,-124,25.0,0.0
3.5717597007751465,-125,25.0,0.0
3.5873446464538574,-125,25.0,0.0
3.6609463691711426,-127,25.0,0.0
3.6764109134674072,-127,25.0,0.0
3.6938490867614746,-128,25.0,0.0
3.7118237018585205,-127,25.0,0.0
3.764366626739502,-130,25.0,0.0
3.7812743186950684,-129,25.0,0.0
3.80672287940979,-130,25.0,0.0
3.828291654586792,-130,25.0,0.0
3.8461997509002686,-131,25.0,0.0
3.8628990650177,-131,25.0,0.0
3.8792355060577393,-131,25.0,0.0
3.9028818607330322,-131,25.0,0.0
3.9232752323150635,-132,25.0,0.0
3.938636541366577,-133,25.0,0.0
3.9611175060272217,-133,25.0,0.0
3.977806568145752,-133,25.0,0.0
4.019021511077881,-135,25.0,0.0
4.034333944320679,-135,25.0,0.0
4.06061053276062,-136,25.0,0.0
4.083394527435303,-137,25.0,0.0
4.102311134338379,-137,25.0,0.0
4.158913612365723,-139,25.0,0.0
4.176570653915405,-139,25.0,0.0
4.1979289054870605,-140,25.0,0.0
4.215674638748169,-141,25.0,0.0
4.232499122619629,-141,25.0,0.0
4.314044713973999,-143,25.0,0.0
4.331095218658447,-142,25.0,0.0
4.347409009933472,-143,25.0,0.0
4.364780426025391,-143,25.0,0.0
4.380551815032959,-143,25.0,0.0
4.397818088531494,-144,25.0,0.0
4.415712356567383,-145,25.0,0.0
4.434342622756958,-145,25.0,0.0
4.450480937957764,-145,25.0,0.0
4.492583274841309,-146,25.0,0.0
4.507552862167358,-145,25.0,0.0
4.527189254760742,-146,25.0,0.0
4.545508146286011,-146,25.0,0.0
4.560839891433716,-147,25.0,0.0
4.636443614959717,-146,25.0,0.0
4.655986309051514,-147,25.0,0.0
4.6723363399505615,-149,25.0,0.0
4.699629068374634,-148,25.0,0.0
4.716215133666992,-148,25.0,0.0
4.803289175033569,-150,25.0,0.0
4.819463014602661,-150,25.0,0.0
4.844469785690308,-151,25.0,0.0
4.8633503913879395,-150,25.0,0.0
4.881361246109009,-151,25.0,0.0
4.963351488113403,-152,25.0,0.0
4.979580402374268,-152,25.0,0.0
4.997360467910767,-152,25.0,0.0
5.0208189487457275,-152,25.0,0.0
5.075799226760864,-153,25.0,0.0
5.091260194778442,-153,25.0,0.0
5.110634803771973,-153,25.0,0.0
5.12981104850769,-154,25.0,0.0
5.152721166610718,-154,25.0,0.0
5.18496036529541,-154,25.0,0.0
5.202433347702026,-155,25.0,0.0
5.2235400676727295,-156,25.0,0.0
5.247243404388428,-155,25.0,0.0
5.263598680496216,-156,25.0,0.0
5.285775899887085,-155,25.0,0.0
5.302963733673096,-155,25.0,0.0
5.322714805603027,-156,25.0,0.0
5.340620040893555,-156,25.0,0.0
5.357051134109497,-156,25.0,0.0
5.3795387744903564,-158,25.0,0.0
5.398947477340698,-157,25.0,0.0
5.41688346862793,-157,25.0,0.0
5.435018062591553,-158,25.0,0.0
5.491078853607178,-158,25.0,0.0
5.509671688079834,-158,25.0,0.0
5.532010555267334,-157,25.0,0.0
5.554319620132446,-158,25.0,0.0
5.570152759552002,-158,25.0,0.0
5.638876438140869,-158,25.0,0.0
5.655678033828735,-158,25.0,0.0
5.673333168029785,-157,25.0,0.0
5.691603660583496,-158,25.0,0.0
5.709255695343018,-158,25.0,0.0
5.735743284225464,-158,25.0,0.0
5.756770372390747,-159,25.0,0.0
5.7784318923950195,-160,25.0,0.0
5.798892259597778,-159,25.0,0.0
5.8162522315979,-160,25.0,0.0
5.903501033782959,-161,25.0,0.0
5.923694372177124,-162,25.0,0.0
5.946546792984009,-163,25.0,0.0
5.965296745300293,-162,25.0,0.0
6.0179784297943115,-163,25.0,0.0
6.036545991897583,-164,25.0,0.0
6.051884412765503,-165,25.0,0.0
6.072718858718872,-165,25.0,0.0
6.090381383895874,-165,25.0,0.0
6.172513723373413,-167,25.0,0.0
6.1879167556762695,-167,25.0,0.0
6.203397989273071,-167,25.0,0.0
6.218968629837036,-167,25.0,0.0
6.234161138534546,-167,25.0,0.0
6.3016908168792725,-167,25.0,0.0
6.317042350769043,-169,25.0,0.0
6.334190607070923,-168,25.0,0.0
6.357083082199097,-168,25.0,0.0
6.376077175140381,-169,25.0,0.0
6.455453872680664,-170,25.0,0.0
6.472349643707275,-171,25.0,0.0
6.488542079925537,-169,25.0,0.0
6.504167795181274,-170,25.0,0.0
6.562436580657959,-171,25.0,0.0
6.577696323394775,-171,25.0,0.0
6.597107410430908,-172,25.0,0.0
6.612725257873535,-173,25.0,0.0
6.62881875038147,-171,25.0,0.0
6.670957565307617,-172,25.0,0.0
6.686537742614746,-173,25.0,0.0
6.709968566894531,-172,25.0,0.0
6.727635145187378,-172,25.0,0.0
6.743251800537109,-174,25.0,0.0
6.822860479354858,-174,25.0,0.0
6.837736368179321,-174,25.0,0.0
6.860654354095459,-175,25.0,0.0
6.8776750564575195,-174,25.0,0.0
6.89354133605957,-175,25.0,0.0
6.959957838058472,-175,25.0,0.0
6.975293874740601,-176,25.0,0.0
6.9908974170684814,-177,25.0,0.0
7.008684873580933,-177,25.0,0.0
7.119892835617065,-179,25.0,0.0
7.13663125038147,-178,25.0,0.0
7.15205192565918,-179,25.0,0.0
7.169051170349121,-180,25.0,0.0
7.185388565063477,-180,25.0,0.0
7.205592155456543,-180,25.0,0.0
7.222905158996582,179,0.0,25.0
7.242084980010986,179,0.0,25.0
7.259038925170898,179,0.0,25.0
7.27853536605835,179,0.0,25.0
7.295302629470825,177,0.0,25.0
7.311210870742798,178,0.0,25.0
7.326359987258911,177,0.0,25.0
7.3457581996917725,176,0.0,25.0
7.3625335693359375,176,0.0,25.0
7.37970495223999,175,0.0,25.0
7.395660638809204,174,0.0,25.0
7.4163055419921875,174,0.0,25.0
7.431985378265381,174,0.0,25.0
7.449103832244873,173,0.0,25.0
7.470571517944336,173,0.0,25.0
7.488296270370483,172,0.0,25.0
7.525021314620972,171,0.0,25.0
7.5403358936309814,170,0.0,25.0
7.555668592453003,170,0.0,25.0
7.571707487106323,170,0.0,25.0
7.62252140045166,169,0.0,25.0
7.640153169631958,168,0.0,25.0
7.655124187469482,167,0.0,25.0
7.676439523696899,168,0.0,25.0
7.691667795181274,168,0.0,25.0
7.714333534240723,167,0.0,25.0
7.734203338623047,167,0.0,25.0
7.750209331512451,167,0.0,25.0
7.768219232559204,167,0.0,25.0
7.791935205459595,168,0.0,25.0
7.843225479125977,168,0.0,25.0
7.86340856552124,168,0.0,25.0
7.878620386123657,169,0.0,25.0
7.900097131729126,169,0.0,25.0
7.9174463748931885,169,0.0,25.0
7.996222257614136,171,0.0,25.0
8.0125732421875,171,0.0,25.0
8.037030935287476,171,0.0,25.0
8.056275606155396,173,0.0,25.0
8.142282485961914,174,0.0,25.0
8.158859252929688,175,0.0,25.0
8.174041032791138,175,0.0,25.0
8.189592361450195,176,0.0,25.0
8.208765506744385,177,0.0,25.0
8.2516930103302,177,0.0,25.0
8.267910957336426,178,0.0,25.0
8.287140369415283,179,0.0,25.0
8.304026126861572,179,0.0,25.0
8.325021505355835,179,0.0,25.0
8.344188213348389,-180,25.0,0.0
8.359719276428223,-179,25.0,0.0
8.37545919418335,-180,25.0,0.0
8.390788555145264,-179,25.0,0.0
8.406311273574829,-179,25.0,0.0
8.479135513305664,-177,25.0,0.0
8.498970746994019,-176,25.0,0.0
8.514348983764648,-176,25.0,0.0
8.537373304367065,-176,25.0,0.0
8.632279634475708,-173,25.0,0.0
8.647748708724976,-174,25.0,0.0
8.668119668960571,-174,25.0,0.0
8.686236381530762,-174,25.0,0.0
8.709192514419556,-173,25.0,0.0
8.729063510894775,-173,25.0,0.0
8.744397163391113,-173,25.0,0.0
8.764953136444092,-174,25.0,0.0
8.782471895217896,-173,25.0,0.0
8.805305242538452,-174,25.0,0.0
8.82620882987976,-174,25.0,0.0
8.842254400253296,-174,25.0,0.0
8.860374927520752,-174,25.0,0.0
8.875450849533081,-173,25.0,0.0
8.898410320281982,-174,25.0,0.0
8.933306694030762,-174,25.0,0.0
8.950218677520752,-174,25.0,0.0
8.969623804092407,-175,25.0,0.0
8.990007400512695,-175,25.0,0.0
9.008228302001953,-175,25.0,0.0
9.029751062393188,-174,25.0,0.0
9.048763751983643,-176,25.0,0.0
9.067706823348999,-176,25.0,0.0
9.083357572555542,-176,25.0,0.0
9.107101202011108,-177,25.0,0.0
9.125643491744995,-176,25.0,0.0
9.147948741912842,-176,25.0,0.0
9.165678024291992,-176,25.0,0.0
9.186529159545898,-177,25.0,0.0
9.264427661895752,-177,25.0,0.0
9.281505584716797,-177,25.0,0.0
9.296699285507202,-177,25.0,0.0
9.316770792007446,-176,25.0,0.0
9.332275629043579,-176,25.0,0.0
9.355561971664429,-176,25.0,0.0
9.37321662902832,-177,25.0,0.0
9.388589859008789,-177,25.0,0.0
9.404486656188965,-176,25.0,0.0
9.467294692993164,-176,25.0,0.0
9.482325553894043,-176,25.0,0.0
9.497539758682251,-177,25.0,0.0
9.518151044845581,-178,25.0,0.0
9.53974986076355,-177,25.0,0.0
9.561926126480103,-177,25.0,0.0
9.581517696380615,-177,25.0,0.0
9.598490715026855,-176,25.0,0.0
9.62122654914856,-177,25.0,0.0
9.639306783676147,-178,25.0,0.0
9.679769039154053,-178,25.0,0.0
9.700734853744507,-177,25.0,0.0
9.717519044876099,-178,25.0,0.0
9.733165264129639,-178,25.0,0.0
9.752702713012695,-177,25.0,0.0
9.811171293258667,-177,25.0,0.0
9.828830480575562,-179,25.0,0.0
9.844008922576904,-177,25.0,0.0
9.862784624099731,-177,25.0,0.0
9.943601369857788,-177,25.0,0.0
9.962304592132568,-177,25.0,0.0
9.980513334274292,-177,25.0,0.0
9.996429443359375,-178,25.0,0.0
10.016663312911987,-177,25.0,0.0
10.039343118667603,-177,25.0,0.0
10.056020021438599,-177,25.0,0.0
10.073203563690186,-176,25.0,0.0
10.088273286819458,-176,25.0,0.0
10.103264093399048,-177,25.0,0.0
10.118578672409058,-175,25.0,0.0
10.134434938430786,-176,25.0,0.0
10.153478622436523,-177,25.0,0.0
10.171754121780396,-175,25.0,0.0
10.191837787628174,-176,25.0,0.0
10.21946406364441,-174,25.0,0.0
10.236229419708252,-176,25.0,0.0
10.251830577850342,-177,25.0,0.0
10.28034257888794,-175,25.0,0.0
10.402680158615112,-173,25.0,0.0
10.417860746383667,-173,25.0,0.0
10.434104204177856,-173,25.0,0.0
10.457501411437988,-172,25.0,0.0
10.472951650619507,-171,25.0,0.0
10.488797903060913,-170,25.0,0.0
10.504165649414062,-171,25.0,0.0
10.520426511764526,-170,25.0,0.0
10.536573886871338,-171,25.0,0.0
10.561084747314453,-171,25.0,0.0
10.580889701843262,-169,25.0,0.0
10.599305152893066,-169,25.0,0.0
10.615711450576782,-169,25.0,0.0
10.632363557815552,-168,25.0,0.0
10.661271095275879,-167,25.0,0.0
10.67959713935852,-167,25.0,0.0
10.697386741638184,-167,25.0,0.0
10.719337940216064,-167,25.0,0.0
10.735543012619019,-166,25.0,0.0
10.756171703338623,-167,25.0,0.0
10.771175146102905,-166,25.0,0.0
10.787444353103638,-165,25.0,0.0
10.815323829650879,-165,25.0,0.0
10.830338478088379,-165,25.0,0.0
10.852048397064209,-163,25.0,0.0
10.867471933364868,-163,25.0,0.0
10.882835388183594,-163,25.0,0.0
11.022338628768921,-159,25.0,0.0
11.042397499084473,-158,25.0,0.0
11.060724973678589,-158,25.0,0.0
11.080360651016235,-157,25.0,0.0
11.12262511253357,-157,25.0,0.0
11.140356063842773,-155,25.0,0.0
11.161477327346802,-155,25.0,0.0
11.181586265563965,-155,25.0,0.0
11.19681453704834,-154,25.0,0.0
11.234094858169556,-153,25.0,0.0
11.250272035598755,-153,25.0,0.0
11.272296667098999,-152,25.0,0.0
11.287657737731934,-152,25.0,0.0
11.308867454528809,-151,25.0,0.0
11.34594988822937,-150,25.0,0.0
11.362056493759155,-149,25.0,0.0
11.379441976547241,-149,25.0,0.0
11.4015052318573,-147,25.0,0.0
11.417925119400024,-147,25.0,0.0
11.452132225036621,-146,25.0,0.0
11.474208116531372,-146,25.0,0.0
11.489325523376465,-145,25.0,0.0
11.512107610702515,-145,25.0,0.0
11.60397982597351,-141,25.0,0.0
11.624019861221313,-141,25.0,0.0
11.639881134033203,-140,25.0,0.0
11.655457735061646,-140,25.0,0.0
11.674014806747437,-139,25.0,0.0
11.764621257781982,-137,25.0,0.0
11.780394315719604,-136,25.0,0.0
11.800312519073486,-136,25.0,0.0
11.81584644317627,-135,25.0,0.0
11.84079122543335,-135,25.0,0.0
11.87044095993042,-134,25.0,0.0
11.885571718215942,-133,25.0,0.0
11.900611639022827,-133,25.0,0.0
11.915561437606812,-132,25.0,0.0
11.930704355239868,-131,25.0,0.0
11.994340419769287,-130,25.0,0.0
12.010141134262085,-130,25.0,0.0
12.027543306350708,-128,25.0,0.0
12.047587156295776,-128,25.0,0.0
12.09554386138916,-126,25.0,0.0
12.115285873413086,-126,25.0,0.0
12.135428667068481,-126,25.0,0.0
12.155359029769897,-125,25.0,0.0
12.175129413604736,-125,25.0,0.0
12.244394302368164,-121,25.0,0.0
12.259791612625122,-122,25.0,0.0
12.275244235992432,-121,25.0,0.0
12.291152477264404,-121,25.0,0.0
12.311535596847534,-120,25.0,0.0
12.352431535720825,-119,25.0,0.0
12.368102788925171,-118,25.0,0.0
12.39025592803955,-117,25.0,0.0
12.408704280853271,-117,25.0,0.0
12.423643350601196,-117,25.0,0.0
12.452623844146729,-115,25.0,0.0
12.467778444290161,-115,25.0,0.0
12.489614725112915,-115,25.0,0.0
12.50676965713501,-113,25.0,0.0
12.60698652267456,-111,25.0,0.0
12.628380298614502,-111,25.0,0.0
12.647291898727417,-110,25.0,0.0
12.66239595413208,-109,25.0,0.0
12.677464962005615,-109,25.0,0.0
12.698127031326294,-108,25.0,0.0
12.71710729598999,-108,25.0,0.0
12.732179641723633,-108,25.0,0.0
12.755204439163208,-107,25.0,0.0
12.76988959312439,-107,25.0,0.0
12.848886966705322,-104,25.0,0.0
12.864357709884644,-104,25.0,0.0
12.879703044891357,-103,25.0,0.0
12.894909143447876,-103,25.0,0.0
12.910383462905884,-102,25.0,0.0
12.931322574615479,-101,25.0,0.0
12.9506196975708,-101,25.0,0.0
12.969318389892578,-101,25.0,0.0
12.984410047531128,-100,25.0,0.0
13.004188299179077,-100,25.0,0.0
13.021475791931152,-99,25.0,0.0
13.044159412384033,-98,25.0,0.0
13.065233707427979,-97,25.0,0.0
13.080984592437744,-97,25.0,0.0
13.173484802246094,-94,25.0,0.0
13.189655303955078,-94,25.0,0.0
13.20659065246582,-94,25.0,0.0
13.221848249435425,-92,25.0,1.5972
13.23704195022583,-92,25.0,1.5972
13.255774974822998,-92,25.0,1.5972
13.273417949676514,-91,25.0,1.5972
13.291768789291382,-91,25.0,1.5972
13.308079242706299,-91,25.0,1.5972
13.328174591064453,-90,25.0,1.5972
13.400367021560669,-87,25.0,1.74605
13.415694952011108,-87,25.0,1.74605
13.431519269943237,-87,25.0,1.74605
13.448573589324951,-86,25.0,1.9026
13.506005048751831,-84,25.0,1.9026
13.527759790420532,-83,25.0,1.9026
13.54535460472107,-83,25.0,1.9026
13.565707206726074,-82,25.0,2.0675499999999998
13.581592798233032,-82,25.0,2.0675499999999998
13.666521072387695,-79,25.0,2.0951999999999997
13.685134887695312,-79,25.0,2.0951999999999997
13.700307846069336,-78,25.0,2.0951999999999997
13.715343475341797,-78,25.0,2.0951999999999997
13.73683214187622,-77,25.0,2.0951999999999997
13.751982927322388,-76,25.0,2.0951999999999997
13.772734642028809,-77,25.0,2.0951999999999997
13.791249752044678,-75,25.0,1.9487
13.81081485748291,-75,25.0,1.9487
13.826597452163696,-75,25.0,1.9487
13.843592166900635,-74,25.0,1.9487
13.858839511871338,-73,25.0,1.9487
13.880144357681274,-73,25.0,1.9487
13.898116111755371,-72,25.0,1.9487
13.916189908981323,-72,25.0,1.9487
13.932807683944702,-71,25.0,1.7785
13.95259165763855,-71,25.0,1.7785
13.968027114868164,-70,25.0,1.7785
13.98805284500122,-70,25.0,1.7785
14.00577425956726,-69,25.0,1.7785
14.026998519897461,-69,25.0,1.7785
14.18680453300476,-63,25.0,0.0
14.202914237976074,-63,25.0,0.0
14.217812061309814,-64,25.0,0.0
14.232996463775635,-64,25.0,0.0
14.250038862228394,-62,25.0,0.0
14.265454292297363,-62,25.0,0.0
14.285687923431396,-61,25.0,0.0
14.302793502807617,-61,25.0,0.0
14.321696043014526,-60,25.0,0.0
14.342517137527466,-59,25.0,0.0
14.3934645652771,-58,25.0,0.0
14.409180402755737,-57,25.0005,0.0
14.424227952957153,-57,25.0005,0.0
14.44277811050415,-56,25.0005,0.0
14.457798957824707,-56,25.0005,0.0
14.50755786895752,-54,25.0005,0.0
14.522544860839844,-54,25.0005,0.0
14.537644624710083,-54,25.0005,0.0
14.553528547286987,-53,25.0055,0.0
14.57366394996643,-52,25.0055,0.0
14.594714403152466,-53,25.0055,0.0
14.616037607192993,-52,25.0055,0.0
14.631515264511108,-50,25.072499999999998,1.54035
14.6476469039917,-50,25.072499999999998,1.54035
14.681856870651245,-50,25.072499999999998,1.54035
14.702511548995972,-49,25.072499999999998,1.54035
14.718299865722656,-49,25.072499999999998,1.54035
14.73582148551941,-48,25.072499999999998,1.54035
14.7572762966156,-47,25.072499999999998,1.54035
14.790505170822144,-46,25.693500000000004,2.48895
14.807326555252075,-45,25.693500000000004,2.48895
14.822817087173462,-45,25.693500000000004,2.48895
14.838083505630493,-45,25.693500000000004,2.48895
14.858617544174194,-44,25.693500000000004,2.48895
14.907348871231079,-42,29.004,6.576
14.922295808792114,-43,29.004,6.576
14.938213586807251,-41,29.004,6.576
14.959672689437866,-42,29.004,6.576
14.978569746017456,-40,29.004,6.576
14.995118618011475,-41,29.004,6.576
15.016821146011353,-39,35.5435,12.6045
15.039697885513306,-38,35.5435,12.6045
15.056633710861206,-38,35.5435,12.6045
15.14700698852539,-35,39.733000000000004,15.351
15.165175914764404,-34,39.733000000000004,15.351
15.185849666595459,-34,39.733000000000004,15.351
15.203807830810547,-34,39.733000000000004,15.351
15.219570875167847,-34,39.733000000000004,15.351
15.291684627532959,-31,41.196,16.131
15.307759761810303,-31,41.196,16.131
15.322859287261963,-32,41.196,16.131
15.338193416595459,-31,41.196,16.131
15.354567050933838,-30,41.196,16.131
15.371944904327393,-31,41.196,16.131
15.38843560218811,-28,41.721000000000004,16.387
15.40465497970581,-28,41.721000000000004,16.387
15.424890041351318,-29,41.196,16.131
15.447541236877441,-27,41.721000000000004,16.387
15.46339225769043,-27,41.721000000000004,16.387
15.485067367553711,-27,41.721000000000004,16.387
15.502501010894775,-26,41.721000000000004,16.387
15.518993377685547,-26,41.721000000000004,16.387
15.54367184638977,-25,41.900999999999996,16.464000000000002
15.565417289733887,-24,41.900999999999996,16.464000000000002
15.585291862487793,-23,41.900999999999996,16.464000000000002
15.602668762207031,-24,41.900999999999996,16.464000000000002
15.617754936218262,-22,41.900999999999996,16.464000000000002
15.642292976379395,-21,41.955,16.485
15.670053482055664,-21,41.955,16.485
15.688791275024414,-21,41.955,16.485
15.704373598098755,-21,41.955,16.485
15.730205774307251,-22,41.900999999999996,16.464000000000002
15.76222276687622,-18,41.955,16.485
15.778897523880005,-18,41.955,16.485
15.795376539230347,-19,41.955,16.485
15.813282012939453,-18,41.955,16.485
15.8321852684021,-18,41.955,16.485
15.848355770111084,-17,41.972500000000004,16.491500000000002
15.874005556106567,-16,41.972500000000004,16.491500000000002
15.893241167068481,-18,41.955,16.485
15.911008596420288,-16,41.972500000000004,16.491500000000002
15.926602602005005,-15,41.972500000000004,16.491500000000002
15.94864296913147,-15,41.972500000000004,16.491500000000002
15.969457387924194,-15,41.972500000000004,16.491500000000002
15.993746280670166,-15,41.972500000000004,16.491500000000002
16.015003442764282,-15,41.972500000000004,16.491500000000002
16.030410766601562,-13,41.9775,16.4935
16.05168342590332,-12,41.9775,16.4935
16.067580223083496,-14,41.9775,16.4935
16.09108018875122,-12,41.9775,16.4935
16.10898470878601,-12,41.9775,16.4935
16.139206886291504,-11,41.9775,16.4935
16.158559322357178,-11,41.9775,16.4935
16.175346612930298,-11,41.9775,16.4935
16.19178605079651,-9,40.214,23.582
16.247716426849365,-9,40.214,23.582
16.26467275619507,-7,41.4285,41.400999999999996
16.288803339004517,-8,40.214,23.582
16.304969549179077,-8,40.214,23.582
16.320579767227173,-7,41.4285,41.400999999999996
16.35797142982483,-6,41.4285,41.400999999999996
16.373766899108887,-6,41.4285,41.400999999999996
16.399920225143433,-4,41.4285,41.400999999999996
16.416739225387573,-4,41.4285,41.400999999999996
16.432429790496826,-4,41.4285,41.400999999999996
16.49316644668579,-4,41.4285,41.400999999999996
16.515681743621826,-5,41.4285,41.400999999999996
16.532159328460693,-4,41.4285,41.400999999999996
16.547152519226074,-4,41.4285,41.400999999999996
16.563003063201904,-3,41.842,41.842
16.580901861190796,-1,41.842,41.842
16.59660029411316,-2,41.842,41.842
16.620476484298706,-3,41.842,41.842
16.635939359664917,-1,41.842,41.842
16.726886987686157,-1,41.842,41.842
16.743820428848267,-1,41.842,41.842
16.7605082988739,-2,41.842,41.842
16.77898383140564,-2,41.842,41.842
16.796247482299805,0,41.842,41.842
16.814046382904053,0,41.842,41.842
16.8318932056427,0,41.842,41.842
16.85135006904602,0,41.842,41.842
16.86846399307251,1,41.400999999999996,41.4285
16.883596420288086,0,41.842,41.842
16.899198532104492,0,41.842,41.842
16.91575026512146,1,41.400999999999996,41.4285
16.937580347061157,1,41.400999999999996,41.4285
16.95793843269348,0,41.842,41.842
16.97619366645813,1,41.400999999999996,41.4285
16.993203163146973,0,41.842,41.842
17.009868383407593,1,41.400999999999996,41.4285
17.0253267288208,2,41.400999999999996,41.4285
17.049476861953735,1,41.400999999999996,41.4285
17.065057516098022,1,41.400999999999996,41.4285
17.082247734069824,2,41.400999999999996,41.4285
17.098358869552612,2,41.400999999999996,41.4285
17.121018886566162,1,41.400999999999996,41.4285
17.136969566345215,1,41.400999999999996,41.4285
17.157490015029907,1,41.400999999999996,41.4285
17.17336678504944,2,41.400999999999996,41.4285
17.196567058563232,3,41.400999999999996,41.4285
17.22861623764038,3,41.400999999999996,41.4285
17.24880838394165,2,41.400999999999996,41.4285
17.264972686767578,2,41.400999999999996,41.4285
17.28641438484192,2,41.400999999999996,41.4285
17.331769466400146,1,41.400999999999996,41.4285
17.348384857177734,3,41.400999999999996,41.4285
17.379777908325195,2,41.400999999999996,41.4285
17.397197484970093,3,41.400999999999996,41.4285
17.412647247314453,3,41.400999999999996,41.4285
17.532294988632202,4,23.582,40.214
17.548723936080933,3,41.400999999999996,41.4285
17.568171977996826,4,23.582,40.214
17.58574104309082,3,41.400999999999996,41.4285
17.60406184196472,3,41.400999999999996,41.4285
17.619547367095947,4,23.582,40.214
17.64190435409546,3,41.400999999999996,41.4285
17.658507823944092,4,23.582,40.214
17.676580905914307,4,23.582,40.214
17.692594051361084,4,23.582,40.214
17.70883297920227,3,41.400999999999996,41.4285
17.726059675216675,4,23.582,40.214
17.741832971572876,4,23.582,40.214
17.760749101638794,4,23.582,40.214
17.904983043670654,5,23.582,40.214
17.92026162147522,4,23.582,40.214
17.936400890350342,4,23.582,40.214
17.955926418304443,3,41.400999999999996,41.4285
17.97658920288086,5,23.582,40.214
18.01184105873108,4,23.582,40.214
18.028066158294678,4,23.582,40.214
18.047550201416016,3,41.400999999999996,41.4285
18.070096254348755,4,23.582,40.214
18.089271545410156,3,41.400999999999996,41.4285
18.151069164276123,3,41.400999999999996,41.4285
18.16729998588562,4,23.582,40.214
18.188425540924072,2,41.400999999999996,41.4285
18.211280345916748,3,41.400999999999996,41.4285
18.229002237319946,2,41.400999999999996,41.4285
18.26640486717224,3,41.400999999999996,41.4285
18.2878897190094,3,41.400999999999996,41.4285
18.311156034469604,3,41.400999999999996,41.4285
18.331088304519653,3,41.400999999999996,41.4285
18.421632528305054,3,41.400999999999996,41.4285
18.438321590423584,4,23.582,40.214
18.453263759613037,3,41.400999999999996,41.4285
18.46847629547119,2,41.400999999999996,41.4285
18.489575147628784,3,41.400999999999996,41.4285
18.51424741744995,3,41.400999999999996,41.4285
18.531124353408813,3,41.400999999999996,41.4285
18.552801847457886,2,41.400999999999996,41.4285
18.567939281463623,3,41.400999999999996,41.4285
18.583226442337036,4,23.582,40.214
18.59961223602295,3,41.400999999999996,41.4285
18.621105909347534,2,41.400999999999996,41.4285
18.641350507736206,3,41.400999999999996,41.4285
18.65668773651123,3,41.400999999999996,41.4285
18.671988248825073,3,41.400999999999996,41.4285
18.68718719482422,3,41.400999999999996,41.4285
18.708829879760742,4,23.582,40.214
18.730868339538574,3,41.400999999999996,41.4285
18.750245571136475,3,41.400999999999996,41.4285
18.803691148757935,3,41.400999999999996,41.4285
18.823230981826782,2,41.400999999999996,41.4285
18.844326734542847,3,41.400999999999996,41.4285
18.863920211791992,3,41.400999999999996,41.4285
18.886635065078735,4,23.582,40.214
18.916203022003174,4,23.582,40.214
18.931348085403442,3,41.400999999999996,41.4285
18.95209312438965,4,23.582,40.214
18.97152018547058,2,41.400999999999996,41.4285
18.989816904067993,4,23.582,40.214
19.023838996887207,3,41.400999999999996,41.4285
19.038864850997925,5,23.582,40.214
19.05381488800049,3,41.400999999999996,41.4285
19.06926989555359,4,23.582,40.214
19.085819959640503,3,41.400999999999996,41.4285
19.107151985168457,2,41.400999999999996,41.4285
19.125638961791992,4,23.582,40.214
19.14377999305725,4,23.582,40.214
19.160112619400024,3,41.400999999999996,41.4285
19.191502332687378,2,41.400999999999996,41.4285
19.20779776573181,4,23.582,40.214
19.22518563270569,3,41.400999999999996,41.4285
19.244895458221436,3,41.400999999999996,41.4285
19.266202926635742,2,41.400999999999996,41.4285
19.303562879562378,2,41.400999999999996,41.4285
19.320127487182617,3,41.400999999999996,41.4285
19.33582854270935,3,41.400999999999996,41.4285
19.35710382461548,2,41.400999999999996,41.4285
19.377373218536377,3,41.400999999999996,41.4285
19.4194655418396,3,41.400999999999996,41.4285
19.44222593307495,4,23.582,40.214
19.45836877822876,3,41.400999999999996,41.4285
19.486822843551636,4,23.582,40.214
19.50271987915039,3,41.400999999999996,41.4285
19.52292776107788,2,41.400999999999996,41.4285
19.54200768470764,2,41.400999999999996,41.4285
19.557997703552246,3,41.400999999999996,41.4285
19.582368850708008,4,23.582,40.214
19.627148151397705,3,41.400999999999996,41.4285
19.64205050468445,2,41.400999999999996,41.4285
19.657238721847534,3,41.400999999999996,41.4285
19.67309284210205,3,41.400999999999996,41.4285
19.694342374801636,3,41.400999999999996,41.4285
19.710375785827637,4,23.582,40.214
19.730953454971313,3,41.400999999999996,41.4285
19.746654987335205,3,41.400999999999996,41.4285
19.763579845428467,3,41.400999999999996,41.4285
19.78197932243347,3,41.400999999999996,41.4285
19.797219276428223,3,41.400999999999996,41.4285
19.823203086853027,2,41.400999999999996,41.4285
19.919116497039795,1,41.400999999999996,41.4285
19.9381320476532,4,23.582,40.214
19.95375943183899,3,41.400999999999996,41.4285
19.969738721847534,3,41.400999999999996,41.4285
19.98781967163086,2,41.400999999999996,41.4285
20.01226305961609,2,41.400999999999996,41.4285
20.03297734260559,2,41.400999999999996,41.4285
20.04871916770935,3,41.400999999999996,41.4285
20.06454610824585,2,41.400999999999996,41.4285
20.089755535125732,2,41.400999999999996,41.4285
20.106404781341553,4,23.582,40.214
20.1286141872406,2,41.400999999999996,41.4285
20.14793038368225,2,41.400999999999996,41.4285
20.163291692733765,2,41.400999999999996,41.4285
20.21160888671875,2,41.400999999999996,41.4285
20.226624250411987,3,41.400999999999996,41.4285
20.247044324874878,2,41.400999999999996,41.4285
20.262260675430298,2,41.400999999999996,41.4285
20.284244537353516,4,23.582,40.214
20.324469566345215,2,41.400999999999996,41.4285
20.339622974395752,4,23.582,40.214
20.354576587677002,2,41.400999999999996,41.4285
20.369815349578857,2,41.400999999999996,41.4285
20.38576364517212,2,41.400999999999996,41.4285
20.412224769592285,2,41.400999999999996,41.4285
20.43374228477478,3,41.400999999999996,41.4285
20.45220184326172,4,23.582,40.214
20.467334508895874,3,41.400999999999996,41.4285
20.482990741729736,2,41.400999999999996,41.4285
20.540999174118042,3,41.400999999999996,41.4285
20.55605173110962,4,23.582,40.214
20.57779884338379,2,41.400999999999996,41.4285
20.594642877578735,2,41.400999999999996,41.4285
20.645925760269165,3,41.400999999999996,41.4285
20.661951303482056,2,41.400999999999996,41.4285
20.67815613746643,2,41.400999999999996,41.4285
20.694135189056396,3,41.400999999999996,41.4285
20.718963861465454,3,41.400999999999996,41.4285
20.7551052570343,3,41.400999999999996,41.4285
20.77138066291809,3,41.400999999999996,41.4285
20.793782711029053,2,41.400999999999996,41.4285
20.810155391693115,3,41.400999999999996,41.4285
20.825862169265747,2,41.400999999999996,41.4285
20.849141359329224,3,41.400999999999996,41.4285
20.87176012992859,4,23.582,40.214
20.887179374694824,3,41.400999999999996,41.4285
20.906158447265625,3,41.400999999999996,41.4285
20.922701597213745,3,41.400999999999996,41.4285
20.970380306243896,4,23.582,40.214
20.98639750480652,3,41.400999999999996,41.4285
21.0097017288208,3,41.400999999999996,41.4285
21.029160261154175,3,41.400999999999996,41.4285
21.069742441177368,3,41.400999999999996,41.4285
21.085264921188354,2,41.400999999999996,41.4285
21.100883960723877,2,41.400999999999996,41.4285
21.12102246284485,3,41.400999999999996,41.4285
21.143152952194214,3,41.400999999999996,41.4285
21.250680923461914,2,41.400999999999996,41.4285
21.265806436538696,3,41.400999999999996,41.4285
21.287744998931885,4,23.582,40.214
21.303839206695557,2,41.400999999999996,41.4285
21.324982404708862,4,23.582,40.214
21.3523428440094,3,41.400999999999996,41.4285
21.36749243736267,4,23.582,40.214
21.38235092163086,4,23.582,40.214
21.397598028182983,3,41.400999999999996,41.4285
21.413020849227905,4,23.582,40.214
21.43313241004944,4,23.582,40.214
21.450011491775513,3,41.400999999999996,41.4285
21.466272115707397,4,23.582,40.214
21.483696937561035,3,41.400999999999996,41.4285
21.585995197296143,4,23.582,40.214
21.60118842124939,4,23.582,40.214
21.621057510375977,4,23.582,40.214
21.636373043060303,4,23.582,40.214
21.65413522720337,3,41.400999999999996,41.4285
21.704747200012207,4,23.582,40.214
21.71957230567932,4,23.582,40.214
21.734800577163696,4,23.582,40.214
21.750671863555908,4,23.582,40.214
21.769749641418457,4,23.582,40.214
21.85323977470398,4,23.582,40.214
21.869290590286255,4,23.582,40.214
21.88447856903076,3,41.400999999999996,41.4285
21.905082941055298,4,23.582,40.214
21.92235779762268,3,41.400999999999996,41.4285
21.954298734664917,2,41.400999999999996,41.4285
21.96929144859314,4,23.582,40.214
21.984333753585815,3,41.400999999999996,41.4285
21.99958348274231,4,23.582,40.214
22.016451835632324,4,23.582,40.214
22.034092903137207,3,41.400999999999996,41.4285
22.056211709976196,4,23.582,40.214
22.073451280593872,3,41.400999999999996,41.4285
22.090608596801758,3,41.400999999999996,41.4285
22.11486792564392,3,41.400999999999996,41.4285
22.1314914226532,3,41.400999999999996,41.4285
22.148988962173462,3,41.400999999999996,41.4285
22.16457223892212,3,41.400999999999996,41.4285
22.188310146331787,4,23.582,40.214
22.229228734970093,3,41.400999999999996,41.4285
22.249287128448486,4,23.582,40.214
22.26798152923584,4,23.582,40.214
22.28728938102722,2,41.400999999999996,41.4285
22.30474042892456,3,41.400999999999996,41.4285
22.32763147354126,4,23.582,40.214
22.349502563476562,3,41.400999999999996,41.4285
22.365167379379272,3,41.400999999999996,41.4285
22.382959127426147,3,41.400999999999996,41.4285
22.45660138130188,3,41.400999999999996,41.4285
22.473090887069702,5,23.582,40.214
22.488561153411865,3,41.400999999999996,41.4285
22.503810167312622,3,41.400999999999996,41.4285
22.519434928894043,4,23.582,40.214
22.535407066345215,4,23.582,40.214
22.560872077941895,2,41.400999999999996,41.4285
22.576251983642578,4,23.582,40.214
22.595645427703857,4,23.582,40.214
22.611650705337524,3,41.400999999999996,41.4285
22.626653909683228,4,23.582,40.214
22.641966342926025,3,41.400999999999996,41.4285
22.662819862365723,4,23.582,40.214
22.68721866607666,3,41.400999999999996,41.4285
22.704784631729126,3,41.400999999999996,41.4285
22.72383213043213,3,41.400999999999996,41.4285
22.740889072418213,2,41.400999999999996,41.4285
22.760282516479492,1,41.400999999999996,41.4285
22.776554584503174,2,41.400999999999996,41.4285
22.79169201850891,3,41.400999999999996,41.4285
22.80717182159424,3,41.400999999999996,41.4285
22.832599878311157,4,23.582,40.214
22.869599103927612,3,41.400999999999996,41.4285
22.888073682785034,3,41.400999999999996,41.4285
22.903427839279175,4,23.582,40.214
22.929901123046875,3,41.400999999999996,41.4285
22.94762873649597,3,41.400999999999996,41.4285
22.975558280944824,3,41.400999999999996,41.4285
22.99131727218628,5,23.582,40.214
23.020257472991943,3,41.400999999999996,41.4285
23.037692308425903,4,23.582,40.214
23.085173845291138,3,41.400999999999996,41.4285
23.101959466934204,2,41.400999999999996,41.4285
23.117019653320312,3,41.400999999999996,41.4285
23.134471893310547,2,41.400999999999996,41.4285
23.15553331375122,4,23.582,40.214
23.174967527389526,3,41.400999999999996,41.4285
23.190998792648315,4,23.582,40.214
23.2123806476593,3,41.400999999999996,41.4285
23.23389720916748,2,41.400999999999996,41.4285
23.25508427619934,4,23.582,40.214
23.274490118026733,3,41.400999999999996,41.4285
23.291357278823853,3,41.400999999999996,41.4285
23.310821294784546,3,41.400999999999996,41.4285
23.326327800750732,2,41.400999999999996,41.4285
23.341439485549927,3,41.400999999999996,41.4285
23.357072830200195,3,41.400999999999996,41.4285
23.378437042236328,3,41.400999999999996,41.4285
23.397414445877075,4,23.582,40.214
23.413214206695557,4,23.582,40.214
23.430409908294678,3,41.400999999999996,41.4285
23.44567632675171,3,41.400999999999996,41.4285
23.461665153503418,3,41.400999999999996,41.4285
23.47719979286194,3,41.400999999999996,41.4285
23.498128652572632,3,41.400999999999996,41.4285
23.542949199676514,3,41.400999999999996,41.4285
23.558460474014282,3,41.400999999999996,41.4285
23.57365655899048,2,41.400999999999996,41.4285
23.58934473991394,4,23.582,40.214
23.609246730804443,2,41.400999999999996,41.4285
23.626386642456055,4,23.582,40.214
23.647541046142578,4,23.582,40.214
23.669147729873657,3,41.400999999999996,41.4285
23.68755531311035,3,41.400999999999996,41.4285
23.703913927078247,4,23.582,40.214
23.72185516357422,3,41.400999999999996,41.4285
23.743595600128174,4,23.582,40.214
23.76288366317749,3,41.400999999999996,41.4285
23.782481908798218,3,41.400999999999996,41.4285
23.878165245056152,4,23.582,40.214
23.89381718635559,3,41.400999999999996,41.4285
23.91011643409729,2,41.400999999999996,41.4285
23.92732071876526,2,41.400999999999996,41.4285
23.953305959701538,4,23.582,40.214
23.986500024795532,3,41.400999999999996,41.4285
24.00426411628723,3,41.400999999999996,41.4285
24.02504277229309,3,41.400999999999996,41.4285
24.046358108520508,3,41.400999999999996,41.4285
24.062387228012085,4,23.582,40.214
24.07857584953308,3,41.400999999999996,41.4285
24.09788417816162,3,41.400999999999996,41.4285
24.11646819114685,3,41.400999999999996,41.4285
24.132792711257935,2,41.400999999999996,41.4285
24.147714614868164,3,41.400999999999996,41.4285
24.16270160675049,3,41.400999999999996,41.4285
24.177924871444702,4,23.582,40.214
24.19832420349121,2,41.400999999999996,41.4285
24.2138774394989,2,41.400999999999996,41.4285
24.259767770767212,3,41.400999999999996,41.4285
24.274776935577393,2,41.400999999999996,41.4285
24.28967523574829,4,23.582,40.214
24.30485439300537,3,41.400999999999996,41.4285
24.32893705368042,2,41.400999999999996,41.4285
24.35114097595215,3,41.400999999999996,41.4285
24.368208646774292,3,41.400999999999996,41.4285
24.385974407196045,4,23.582,40.214
24.401527643203735,4,23.582,40.214
24.416600704193115,3,41.400999999999996,41.4285
24.432066202163696,3,41.400999999999996,41.4285
24.45341157913208,5,23.582,40.214
24.469006538391113,3,41.400999999999996,41.4285
24.497899770736694,4,23.582,40.214
24.517785787582397,2,41.400999999999996,41.4285
24.541137218475342,3,41.400999999999996,41.4285
24.556192636489868,4,23.582,40.214
24.573692083358765,3,41.400999999999996,41.4285
24.58876371383667,4,23.582,40.214
24.63930058479309,4,23.582,40.214
24.65675377845764,4,23.582,40.214
24.673622369766235,3,41.400999999999996,41.4285
24.693032264709473,4,23.582,40.214
24.717944145202637,2,41.400999999999996,41.4285
24.736542224884033,3,41.400999999999996,41.4285
24.7512629032135,3,41.400999999999996,41.4285
24.7664897441864,3,41.400999999999996,41.4285
24.787639379501343,4,23.582,40.214
24.80289649963379,2,41.400999999999996,41.4285
24.847821712493896,4,23.582,40.214
24.8641095161438,4,23.582,40.214
24.87976908683777,4,23.582,40.214
24.89586877822876,2,41.400999999999996,41.4285
24.914582014083862,3,41.400999999999996,41.4285
24.930352210998535,2,41.400999999999996,41.4285
24.955064296722412,3,41.400999999999996,41.4285
24.97859835624695,3,41.400999999999996,41.4285
24.993614435195923,3,41.400999999999996,41.4285
25.008955717086792,4,23.582,40.214
25.02391028404236,3,41.400999999999996,41.4285
25.047200441360474,4,23.582,40.214
25.064196348190308,2,41.400999999999996,41.4285
25.079398155212402,2,41.400999999999996,41.4285
25.151355743408203,4,23.582,40.214
25.170994758605957,3,41.400999999999996,41.4285
25.19038200378418,4,23.582,40.214
25.208762168884277,3,41.400999999999996,41.4285
25.22696828842163,4,23.582,40.214
25.242123126983643,5,23.582,40.214
25.257790565490723,4,23.582,40.214
25.27743697166443,3,41.400999999999996,41.4285
25.29855227470398,5,23.582,40.214
25.3156521320343,4,23.582,40.214
25.334559202194214,4,23.582,40.214
25.35050630569458,4,23.582,40.214
25.375945329666138,3,41.400999999999996,41.4285
25.396507740020752,2,41.400999999999996,41.4285
25.419004440307617,4,23.582,40.214
25.434916019439697,4,23.582,40.214
25.452590703964233,3,41.400999999999996,41.4285
25.46837830543518,3,41.400999999999996,41.4285
25.48446035385132,4,23.582,40.214
25.502883195877075,3,41.400999999999996,41.4285
25.52623414993286,4,23.582,40.214
25.54588770866394,3,41.400999999999996,41.4285
25.5609393119812,4,23.582,40.214
25.57641339302063,4,23.582,40.214
25.593316316604614,3,41.400999999999996,41.4285
25.608768224716187,4,23.582,40.214
25.62454628944397,5,23.582,40.214
25.648643016815186,3,41.400999999999996,41.4285
25.671001195907593,3,41.400999999999996,41.4285
25.687121152877808,3,41.400999999999996,41.4285
25.702659606933594,3,41.400999999999996,41.4285
25.726533889770508,2,41.400999999999996,41.4285
25.741584062576294,3,41.400999999999996,41.4285
25.762255430221558,3,41.400999999999996,41.4285
25.782961130142212,4,23.582,40.214
25.80292773246765,3,41.400999999999996,41.4285
25.834521293640137,3,41.400999999999996,41.4285
25.849748373031616,3,41.400999999999996,41.4285
25.871981859207153,3,41.400999999999996,41.4285
25.88725256919861,4,23.582,40.214
25.9434711933136,2,41.400999999999996,41.4285
25.965051412582397,3,41.400999999999996,41.4285
25.98266839981079,4,23.582,40.214
25.998024940490723,3,41.400999999999996,41.4285
26.015294790267944,4,23.582,40.214
26.117997407913208,3,41.400999999999996,41.4285
26.135866403579712,3,41.400999999999996,41.4285
26.152241706848145,4,23.582,40.214
26.168381929397583,2,41.400999999999996,41.4285
26.189446210861206,3,41.400999999999996,41.4285
26.20716881752014,3,41.400999999999996,41.4285
26.22261905670166,3,41.400999999999996,41.4285
26.23795437812805,2,41.400999999999996,41.4285
26.253506660461426,3,41.400999999999996,41.4285
26.268898963928223,3,41.400999999999996,41.4285
26.286370754241943,4,23.582,40.214
26.304235696792603,1,41.400999999999996,41.4285
26.325987815856934,2,41.400999999999996,41.4285
26.34340786933899,2,41.400999999999996,41.4285
26.36133861541748,4,23.582,40.214
26.38168501853943,1,41.400999999999996,41.4285
26.39917230606079,4,23.582,40.214
26.418293476104736,3,41.400999999999996,41.4285
26.437570571899414,2,41.400999999999996,41.4285
26.45258402824402,2,41.400999999999996,41.4285
26.467782974243164,3,41.400999999999996,41.4285
26.48312020301819,4,23.582,40.214
26.499678134918213,2,41.400999999999996,41.4285
26.515058994293213,2,41.400999999999996,41.4285
26.530672073364258,1,41.400999999999996,41.4285
26.550880193710327,3,41.400999999999996,41.4285
26.571426391601562,4,23.582,40.214
26.5890371799469,2,41.400999999999996,41.4285
26.604187488555908,3,41.400999999999996,41.4285
26.619405508041382,2,41.400999999999996,41.4285
26.634358406066895,2,41.400999999999996,41.4285
26.64962649345398,2,41.400999999999996,41.4285
26.666772842407227,3,41.400999999999996,41.4285
26.68308162689209,2,41.400999999999996,41.4285
26.69817352294922,4,23.582,40.214
26.71356964111328,3,41.400999999999996,41.4285
26.73731303215027,4,23.582,40.214
26.75460433959961,2,41.400999999999996,41.4285
26.791327714920044,1,41.400999999999996,41.4285
26.806913137435913,2,41.400999999999996,41.4285
26.82580280303955,2,41.400999999999996,41.4285
26.847917318344116,2,41.400999999999996,41.4285
26.866814613342285,2,41.400999999999996,41.4285
26.88470959663391,1,41.400999999999996,41.4285
26.90628147125244,2,41.400999999999996,41.4285
26.924954175949097,3,41.400999999999996,41.4285
26.94628143310547,1,41.400999999999996,41.4285
26.969268321990967,2,41.400999999999996,41.4285
26.984242916107178,3,41.400999999999996,41.4285
26.999438524246216,3,41.400999999999996,41.4285
27.01456117630005,3,41.400999999999996,41.4285
27.03405785560608,4,23.582,40.214
27.05102229118347,3,41.400999999999996,41.4285
27.066036224365234,2,41.400999999999996,41.4285
27.08149003982544,2,41.400999999999996,41.4285
27.107215642929077,2,41.400999999999996,41.4285
27.12763810157776,1,41.400999999999996,41.4285
27.156219720840454,4,23.582,40.214
27.17120623588562,2,41.400999999999996,41.4285
27.191921949386597,1,41.400999999999996,41.4285
27.20690941810608,3,41.400999999999996,41.4285
27.222188472747803,3,41.400999999999996,41.4285
27.292474031448364,3,41.400999999999996,41.4285
27.307881832122803,2,41.400999999999996,41.4285
27.322587966918945,2,41.400999999999996,41.4285
27.33772587776184,2,41.400999999999996,41.4285
27.357723236083984,2,41.400999999999996,41.4285
27.385074377059937,3,41.400999999999996,41.4285
27.401950359344482,3,41.400999999999996,41.4285
27.41854166984558,3,41.400999999999996,41.4285
27.43517804145813,2,41.400999999999996,41.4285
27.453490495681763,3,41.400999999999996,41.4285
27.47570824623108,3,41.400999999999996,41.4285
27.498934507369995,3,41.400999999999996,41.4285
27.514955282211304,2,41.400999999999996,41.4285
27.530864000320435,2,41.400999999999996,41.4285
27.55367374420166,2,41.400999999999996,41.4285
27.56952714920044,2,41.400999999999996,41.4285
27.58491325378418,2,41.400999999999996,41.4285
27.600478172302246,3,41.400999999999996,41.4285
27.625235319137573,3,41.400999999999996,41.4285
27.676956176757812,3,41.400999999999996,41.4285
27.692009687423706,4,23.582,40.214
27.707141876220703,2,41.400999999999996,41.4285
27.728269338607788,3,41.400999999999996,41.4285
27.743680953979492,4,23.582,40.214
27.76326823234558,3,41.400999999999996,41.4285
27.784775495529175,2,41.400999999999996,41.4285
27.801504611968994,4,23.582,40.214
27.818355560302734,3,41.400999999999996,41.4285
27.83329439163208,2,41.400999999999996,41.4285
27.85004687309265,2,41.400999999999996,41.4285
27.86779284477234,2,41.400999999999996,41.4285
27.88625144958496,3,41.400999999999996,41.4285
27.902585983276367,3,41.400999999999996,41.4285
27.920104026794434,2,41.400999999999996,41.4285
27.94097590446472,3,41.400999999999996,41.4285
27.960240840911865,3,41.400999999999996,41.4285
27.980564832687378,4,23.582,40.214
28.00340700149536,3,41.400999999999996,41.4285
28.019404411315918,2,41.400999999999996,41.4285
28.03719401359558,3,41.400999999999996,41.4285
28.06788921356201,4,23.582,40.214
28.083362817764282,4,23.582,40.214
28.101240396499634,3,41.400999999999996,41.4285
28.122406005859375,4,23.582,40.214
28.14391779899597,4,23.582,40.214
28.16510319709778,2,41.400999999999996,41.4285
28.180948972702026,4,23.582,40.214
28.200405836105347,2,41.400999999999996,41.4285
28.218199491500854,3,41.400999999999996,41.4285
28.238847017288208,2,41.400999999999996,41.4285
28.257259368896484,3,41.400999999999996,41.4285
28.273240327835083,3,41.400999999999996,41.4285
28.29213809967041,3,41.400999999999996,41.4285
28.31263566017151,4,23.582,40.214
28.331083059310913,3,41.400999999999996,41.4285
28.34887409210205,2,41.400999999999996,41.4285
28.36788034439087,2,41.400999999999996,41.4285
28.384628772735596,3,41.400999999999996,41.4285
28.400493383407593,2,41.400999999999996,41.4285
28.41907048225403,2,41.400999999999996,41.4285
28.437347173690796,4,23.582,40.214
28.45689845085144,4,23.582,40.214
28.472886323928833,3,41.400999999999996,41.4285
28.492953062057495,3,41.400999999999996,41.4285
28.51620864868164,3,41.400999999999996,41.4285
28.53264880180359,3,41.400999999999996,41.4285
28.552202939987183,4,23.582,40.214
28.57413411140442,3,41.400999999999996,41.4285
28.593843460083008,4,23.582,40.214
28.622019052505493,5,23.582,40.214
28.64464044570923,3,41.400999999999996,41.4285
28.664010047912598,3,41.400999999999996,41.4285
28.688367128372192,4,23.582,40.214
28.712913036346436,4,23.582,40.214
28.72973084449768,3,41.400999999999996,41.4285
28.74895405769348,4,23.582,40.214
28.765645503997803,4,23.582,40.214
28.784169912338257,5,23.582,40.214
28.807147979736328,3,41.400999999999996,41.4285
28.832546949386597,4,23.582,40.214
28.850833654403687,3,41.400999999999996,41.4285
28.868985891342163,4,23.582,40.214
28.89141345024109,4,23.582,40.214
28.908540964126587,4,23.582,40.214
28.925291061401367,3,41.400999999999996,41.4285
28.943419933319092,3,41.400999999999996,41.4285
28.967800617218018,3,41.400999999999996,41.4285
28.987532138824463,3,41.400999999999996,41.4285
29.004504203796387,3,41.400999999999996,41.4285
29.021615982055664,2,41.400999999999996,41.4285
29.042518615722656,2,41.400999999999996,41.4285
29.058934211730957,3,41.400999999999996,41.4285
29.077632188796997,4,23.582,40.214
29.096516847610474,3,41.400999999999996,41.4285
29.11570692062378,3,41.400999999999996,41.4285
29.133630752563477,3,41.400999999999996,41.4285
29.152600288391113,3,41.400999999999996,41.4285
29.169647455215454,3,41.400999999999996,41.4285
29.18863296508789,2,41.400999999999996,41.4285
29.211855173110962,4,23.582,40.214
29.233402967453003,4,23.582,40.214
29.252393007278442,3,41.400999999999996,41.4285
29.289499282836914,3,41.400999999999996,41.4285
29.306968450546265,3,41.400999999999996,41.4285
29.323834896087646,2,41.400999999999996,41.4285
29.340445280075073,2,41.400999999999996,41.4285
29.358515739440918,2,41.400999999999996,41.4285
29.37435030937195,4,23.582,40.214
29.393253326416016,3,41.400999999999996,41.4285
29.41212272644043,2,41.400999999999996,41.4285
29.43094515800476,3,41.400999999999996,41.4285
29.446414709091187,2,41.400999999999996,41.4285
29.472962617874146,3,41.400999999999996,41.4285
29.494786739349365,3,41.400999999999996,41.4285
29.51558828353882,3,41.400999999999996,41.4285
29.53615117073059,3,41.400999999999996,41.4285
29.578458309173584,3,41.400999999999996,41.4285
29.596467971801758,3,41.400999999999996,41.4285
29.61491322517395,3,41.400999999999996,41.4285
29.632203578948975,4,23.582,40.214
29.652831077575684,3,41.400999999999996,41.4285
29.676785230636597,3,41.400999999999996,41.4285
29.693414449691772,3,41.400999999999996,41.4285
29.71013617515564,1,41.400999999999996,41.4285
29.72818684577942,4,23.582,40.214
29.751081943511963,3,41.400999999999996,41.4285
29.773082733154297,4,23.582,40.214
29.79441523551941,4,23.582,40.214
29.810261249542236,4,23.582,40.214
29.82558798789978,3,41.400999999999996,41.4285
29.841244220733643,4,23.582,40.214
29.858977794647217,2,41.400999999999996,41.4285
29.874934673309326,5,23.582,40.214
29.892415761947632,3,41.400999999999996,41.4285
29.90937066078186,3,41.400999999999996,41.4285
29.969831705093384,3,41.400999999999996,41.4285
29.985050678253174,4,23.582,40.214
30.002626180648804,4,23.582,40.214
30.018378496170044,3,41.400999999999996,41.4285
30.036343812942505,3,41.400999999999996,41.4285
30.05702805519104,3,41.400999999999996,41.4285
30.08345127105713,3,41.400999999999996,41.4285
30.102964401245117,5,23.582,40.214
30.12229871749878,4,23.582,40.214
30.142563343048096,3,41.400999999999996,41.4285
30.164830923080444,2,41.400999999999996,41.4285
30.184135913848877,3,41.400999999999996,41.4285
30.204030990600586,4,23.582,40.214
30.21928334236145,3,41.400999999999996,41.4285
30.234442472457886,4,23.582,40.214
30.252978801727295,3,41.400999999999996,41.4285
30.271363735198975,4,23.582,40.214
30.288087844848633,3,41.400999999999996,41.4285
30.304703950881958,3,41.400999999999996,41.4285
30.320491790771484,3,41.400999999999996,41.4285
30.339324474334717,3,41.400999999999996,41.4285
30.360466718673706,3,41.400999999999996,41.4285
30.38726258277893,3,41.400999999999996,41.4285
30.405301809310913,2,41.400999999999996,41.4285
30.428211450576782,5,23.582,40.214
30.447080373764038,3,41.400999999999996,41.4285
30.461674690246582,2,41.400999999999996,41.4285
30.483461618423462,2,41.400999999999996,41.4285
30.50095009803772,4,23.582,40.214
30.52164101600647,2,41.400999999999996,41.4285
30.540798664093018,4,23.582,40.214
30.559868097305298,3,41.400999999999996,41.4285
30.57793164253235,4,23.582,40.214
30.600130796432495,2,41.400999999999996,41.4285
30.622941493988037,3,41.400999999999996,41.4285
30.643330335617065,3,41.400999999999996,41.4285
30.668808937072754,3,41.400999999999996,41.4285
30.686866521835327,3,41.400999999999996,41.4285
30.70523476600647,3,41.400999999999996,41.4285
30.722472667694092,3,41.400999999999996,41.4285
30.74437952041626,4,23.582,40.214
30.767565488815308,2,41.400999999999996,41.4285
30.78964376449585,2,41.400999999999996,41.4285
